personName,position,fieldGoalsMade,fieldGoalsAttempted,fieldGoalsPercentage,threePointersMade,threePointersAttempted,threePointersPercentage,freeThrowsMade,freeThrowsAttempted,freeThrowsPercentage,reboundsOffensive,reboundsDefensive,reboundsTotal,assists,steals,blocks,turnovers,foulsPersonal,points,plusMinusPoints
Aaron Gordon,F,275,549,50.09107468123861,49,136,36.029411764705884,120,175,68.57142857142857,144,207,351,166,34,30,75,144,719,4
Aaron Holiday,F,22,40,55.00000000000001,10,18,55.55555555555556,3,6,50.0,4,4,8,20,7,1,6,14,57,-19
Aaron Nesmith,F,72,185,38.91891891891892,28,111,25.225225225225223,41,45,91.11111111111111,25,91,116,44,14,15,27,81,213,3
Al Horford,"F, C",782,1581,49.46236559139785,185,474,39.029535864978904,215,277,77.6173285198556,282,996,1278,542,135,197,219,366,1964,178
Al Jefferson,C,104,204,50.98039215686274,0,1,0.0,14,22,63.63636363636363,27,78,105,20,10,11,12,29,222,-162
Al-Farouq Aminu,F,155,357,43.417366946778714,70,179,39.10614525139665,72,97,74.22680412371135,83,210,293,56,34,34,58,97,452,-100
Alan Anderson,G,50,103,48.54368932038835,19,47,40.42553191489361,18,27,66.66666666666666,12,41,53,22,14,1,18,41,137,-6
Alex Caruso,G,71,174,40.804597701149426,29,96,30.208333333333332,26,32,81.25,19,48,67,79,29,20,39,78,197,58
Alex Len,C,15,23,65.21739130434783,0,0,0.0,9,13,69.23076923076923,11,20,31,3,1,3,8,23,39,-17
Alfonzo McKinnie,F,26,62,41.935483870967744,10,34,29.411764705882355,4,10,40.0,17,34,51,4,2,1,6,33,66,7
Allen Crabbe,G,51,102,50.0,20,50,40.0,15,22,68.18181818181817,5,42,47,18,10,2,8,33,137,-58
Amar'e Stoudemire,"C, F",72,158,45.56962025316456,1,1,100.0,58,77,75.32467532467533,33,62,95,13,12,10,43,65,203,-108
Amir Coffey,F,12,36,33.33333333333333,6,17,35.294117647058826,2,3,66.66666666666666,2,13,15,8,4,1,7,9,32,-27
Amir Johnson,"C, F",106,169,62.721893491124256,1,8,12.5,31,46,67.3913043478261,68,103,171,29,12,22,39,95,244,-169
Andre Drummond,C,77,151,50.993377483443716,0,2,0.0,30,70,42.857142857142854,54,101,155,12,16,17,32,49,184,-135
Andre Iguodala,"F, G",519,1113,46.63072776280324,166,462,35.93073593073593,200,357,56.022408963585434,153,533,686,533,179,82,182,319,1404,298
Andre Miller,G,115,257,44.74708171206226,15,34,44.11764705882353,60,77,77.92207792207793,34,60,94,114,16,1,54,60,305,-32
Andre Roberson,"G, F",64,136,47.05882352941176,19,55,34.54545454545455,11,41,26.82926829268293,43,91,134,23,35,36,18,61,158,15
Andrew Bogut,C,153,256,59.765625,0,3,0.0,22,55,40.0,150,333,483,109,36,93,77,218,328,69
Andrew Bynum,C,130,258,50.3875968992248,0,0,0.0,84,105,80.0,82,147,229,26,10,51,36,54,344,-55
Andrew Goudelock,G,21,45,46.666666666666664,3,12,25.0,2,2,100.0,1,7,8,3,5,0,7,8,47,-48
Andrew Nembhard,G,104,188,55.319148936170215,30,62,48.38709677419355,21,27,77.77777777777779,14,42,56,97,6,4,23,59,259,16
Andrew Wiggins,F,256,554,46.20938628158845,61,190,32.10526315789474,86,132,65.15151515151516,83,181,264,75,35,40,56,113,659,124
Anthony Davis,"F, C",600,1101,54.495912806539515,36,120,30.0,394,468,84.1880341880342,152,578,730,177,77,134,146,180,1630,190
Anthony Edwards,"F, G",275,572,48.07692307692308,88,223,39.46188340807175,145,177,81.92090395480226,26,145,171,154,42,26,81,76,783,53
Antonio McDyess,C,15,36,41.66666666666667,0,0,0.0,4,7,57.14285714285714,10,20,30,8,2,5,7,21,34,-6
Aron Baynes,C,76,153,49.673202614379086,13,30,43.333333333333336,27,36,75.0,71,126,197,25,10,13,27,95,192,-68
Arron Afflalo,G,44,120,36.666666666666664,8,36,22.22222222222222,19,24,79.16666666666666,5,36,41,28,5,2,15,30,115,-60
Austin Reaves,"G, F",129,277,46.57039711191336,49,125,39.2,69,77,89.6103896103896,27,73,100,96,17,7,31,50,376,57
Austin Rivers,"G, F",169,410,41.21951219512195,71,199,35.678391959798994,48,66,72.72727272727273,17,107,124,88,36,11,54,147,457,-143
Avery Bradley,G,188,448,41.964285714285715,53,170,31.176470588235293,46,59,77.96610169491525,29,93,122,61,46,11,56,86,475,-51
Ayo Dosunmu,G,8,26,30.76923076923077,3,13,23.076923076923077,1,1,100.0,4,9,13,11,1,0,3,5,20,-28
Bam Adebayo,C,486,929,52.31431646932185,2,18,11.11111111111111,258,338,76.33136094674556,181,496,677,256,63,48,170,222,1232,64
Baron Davis,G,11,23,47.82608695652174,4,14,28.57142857142857,5,5,100.0,0,3,3,13,0,0,13,15,31,-28
Ben Sheppard,G,32,76,42.10526315789473,20,54,37.03703703703704,7,9,77.77777777777779,11,44,55,18,8,1,13,34,91,22
Ben Simmons,"G, C",192,336,57.14285714285714,0,2,0.0,89,171,52.046783625730995,64,209,273,255,47,30,103,118,473,131
Bismack Biyombo,C,63,107,58.87850467289719,0,0,0.0,57,102,55.88235294117647,76,168,244,20,9,41,33,83,183,-45
Blake Griffin,"C, F",477,970,49.17525773195876,29,77,37.66233766233766,255,349,73.06590257879655,132,393,525,238,68,53,141,227,1238,40
Boban Marjanovic,C,70,125,56.00000000000001,0,4,0.0,40,48,83.33333333333334,37,83,120,23,3,8,26,50,180,-18
Bobby Portis,F,206,446,46.18834080717489,46,144,31.944444444444443,47,64,73.4375,89,287,376,41,28,16,47,101,505,147
Bobby Simmons,F,5,9,55.55555555555556,1,4,25.0,0,0,0.0,0,1,1,0,0,0,1,7,11,8
Bogdan Bogdanovic,G,147,352,41.76136363636363,71,202,35.148514851485146,25,34,73.52941176470588,17,95,112,79,36,11,34,78,390,37
Bojan Bogdanovic,"F, G",232,551,42.10526315789473,108,281,38.43416370106761,114,142,80.28169014084507,28,191,219,76,36,4,71,116,686,-69
Boris Diaw,"F, C",219,449,48.775055679287306,44,114,38.59649122807017,72,97,74.22680412371135,79,228,307,209,43,21,86,146,554,264
Bradley Beal,"G, F",415,936,44.337606837606835,113,320,35.3125,195,236,82.62711864406779,59,159,218,193,72,28,125,130,1138,-82
Brandon Bass,F,119,265,44.905660377358494,0,0,0.0,89,102,87.25490196078431,50,129,179,34,21,19,30,78,327,-105
Brandon Ingram,F,80,190,42.10526315789473,13,37,35.13513513513514,58,68,85.29411764705883,6,55,61,53,8,8,34,21,231,-38
Brandon Jennings,G,31,95,32.631578947368425,8,43,18.6046511627907,22,28,78.57142857142857,6,22,28,40,11,1,20,19,92,-93
Brendan Haywood,C,22,46,47.82608695652174,0,0,0.0,25,51,49.01960784313725,41,45,86,5,3,20,15,56,69,30
Brook Lopez,C,480,929,51.66846071044133,91,273,33.33333333333333,187,227,82.37885462555066,181,330,511,75,56,147,101,214,1238,96
Bruce Brown,"G, F",156,306,50.98039215686274,27,87,31.03448275862069,65,77,84.4155844155844,45,123,168,76,36,18,45,104,404,48
Bryn Forbes,G,90,221,40.723981900452486,56,149,37.58389261744966,27,35,77.14285714285715,5,60,65,25,4,4,14,45,263,-23
C.J. Watson,G,94,259,36.293436293436294,27,86,31.3953488372093,47,67,70.1492537313433,11,73,84,95,34,2,39,70,262,-97
CJ McCollum,G,526,1216,43.256578947368425,152,417,36.45083932853717,160,209,76.55502392344498,54,246,300,211,59,34,142,169,1364,-227
CJ Miles,"G, F",53,133,39.849624060150376,26,81,32.098765432098766,17,21,80.95238095238095,14,42,56,13,10,5,14,40,149,-53
Caleb Martin,"G, F",164,337,48.6646884272997,65,166,39.1566265060241,36,46,78.26086956521739,46,138,184,50,33,11,37,90,429,-6
Cameron Johnson,"F, G",129,264,48.86363636363637,67,161,41.61490683229814,61,71,85.91549295774648,28,107,135,47,27,6,32,69,386,-68
Cameron Payne,G,145,369,39.295392953929536,52,155,33.5483870967742,23,31,74.19354838709677,8,92,100,132,30,21,58,98,365,-33
Caris LeVert,"G, F",139,326,42.63803680981595,42,121,34.710743801652896,65,95,68.42105263157895,28,87,115,94,22,10,44,42,385,-137
Carl Landry,F,83,168,49.404761904761905,0,0,0.0,71,88,80.68181818181817,33,59,92,23,11,5,31,54,237,-75
Carlos Boozer,F,218,483,45.13457556935818,0,2,0.0,92,121,76.03305785123968,93,275,368,69,25,10,87,118,528,-23
Carmelo Anthony,F,291,722,40.30470914127424,58,185,31.351351351351354,170,202,84.15841584158416,43,196,239,70,41,13,84,132,810,-268
Caron Butler,"G, F",90,246,36.58536585365854,33,106,31.132075471698112,37,47,78.72340425531915,16,88,104,25,13,6,33,66,250,-189
Chandler Parsons,F,93,213,43.66197183098591,29,80,36.25,20,29,68.96551724137932,13,73,86,38,5,4,24,39,235,-38
Chauncey Billups,G,14,47,29.78723404255319,8,23,34.78260869565217,11,13,84.61538461538461,2,12,14,10,1,1,11,12,47,-27
Chet Holmgren,C,65,133,48.87218045112782,15,56,26.785714285714285,26,35,74.28571428571429,16,67,83,23,8,30,22,26,171,76
Chris Andersen,C,91,137,66.42335766423358,0,1,0.0,77,109,70.64220183486239,76,152,228,14,19,50,28,99,259,102
Chris Bosh,"C, F",437,908,48.12775330396476,52,128,40.625,237,300,79.0,145,421,566,86,60,89,101,186,1163,197
Chris Copeland,F,24,58,41.37931034482759,17,39,43.58974358974359,8,11,72.72727272727273,3,11,14,2,8,3,9,22,73,58
Chris Paul,G,965,1993,48.419468138484696,234,617,37.925445705024316,445,515,86.40776699029125,86,563,649,1046,251,29,331,386,2609,167
Clint Capela,C,318,528,60.22727272727273,0,1,0.0,103,208,49.519230769230774,229,505,734,77,50,110,68,169,739,-96
Cody Zeller,C,44,82,53.65853658536586,0,0,0.0,25,40,62.5,25,69,94,11,3,10,22,51,113,-32
Corey Brewer,"F, G",140,350,40.0,34,122,27.86885245901639,68,98,69.38775510204081,27,67,94,46,35,13,34,113,382,-131
Cory Joseph,G,172,373,46.11260053619303,26,80,32.5,60,79,75.9493670886076,27,100,127,136,43,9,55,105,430,-100
Courtney Lee,G,102,216,47.22222222222222,24,60,40.0,54,60,90.0,11,53,64,45,25,5,24,66,282,-62
D'Angelo Russell,G,186,479,38.83089770354906,73,219,33.33333333333333,44,57,77.19298245614034,13,87,100,162,33,7,74,71,489,-57
D.J. Augustin,G,86,230,37.391304347826086,44,112,39.285714285714285,78,89,87.64044943820225,7,34,41,86,13,1,38,55,294,-167
Damian Jones,C,5,10,50.0,0,0,0.0,4,7,57.14285714285714,6,7,13,2,2,2,6,10,14,-32
Damian Lillard,G,546,1321,41.33232399697199,225,598,37.62541806020067,412,460,89.56521739130436,45,249,294,403,76,19,203,149,1729,-276
Daniel Gafford,C,101,153,66.01307189542483,0,0,0.0,57,91,62.637362637362635,56,95,151,18,11,44,23,57,259,-47
Daniel Theis,C,97,183,53.00546448087432,8,43,18.6046511627907,34,43,79.06976744186046,49,135,184,36,11,30,27,95,236,-7
Danilo Gallinari,F,220,555,39.63963963963964,74,219,33.789954337899545,157,175,89.71428571428571,35,193,228,70,29,9,63,109,671,-179
Danny Granger,F,123,304,40.46052631578947,39,118,33.05084745762712,44,53,83.01886792452831,23,87,110,46,18,6,39,67,329,29
Danny Green,"F, G",475,1176,40.39115646258503,315,812,38.793103448275865,73,98,74.48979591836735,116,425,541,200,176,125,143,347,1338,602
Danuel House Jr.,F,66,165,40.0,30,104,28.846153846153843,21,30,70.0,14,89,103,19,11,3,18,44,183,-1
Dario Saric,F,80,185,43.24324324324324,28,70,40.0,47,54,87.03703703703704,41,67,108,49,12,5,21,49,235,16
Darius Garland,G,119,273,43.58974358974359,43,115,37.391304347826086,39,48,81.25,1,57,58,106,23,3,54,59,320,-88
Darius Morris,G,19,39,48.717948717948715,4,10,40.0,10,13,76.92307692307693,1,4,5,15,2,0,7,7,52,-54
Darren Collison,G,139,319,43.573667711598745,21,63,33.33333333333333,81,97,83.50515463917526,22,65,87,133,34,3,51,53,380,-90
David Lee,"C, F",101,206,49.029126213592235,0,1,0.0,38,57,66.66666666666666,62,127,189,43,14,8,30,77,240,54
David West,F,388,801,48.4394506866417,7,23,30.434782608695656,167,221,75.56561085972851,117,369,486,217,54,66,132,212,950,222
Davis Bertans,F,53,142,37.32394366197183,41,121,33.88429752066116,32,41,78.04878048780488,10,66,76,21,14,9,12,64,179,27
De'Aaron Fox,G,70,165,42.42424242424242,21,63,33.33333333333333,31,41,75.60975609756098,12,26,38,54,15,4,28,23,192,-20
De'Andre Hunter,F,96,200,48.0,32,80,40.0,36,46,78.26086956521739,11,62,73,13,9,6,27,51,260,-57
DeAndre Jordan,C,211,316,66.77215189873418,0,1,0.0,159,387,41.08527131782946,182,479,661,49,48,121,84,184,581,-150
DeMar DeRozan,"F, G",494,1183,41.75824175824176,24,112,21.428571428571427,363,426,85.2112676056338,42,254,296,232,72,14,144,165,1375,-372
DeMarcus Cousins,C,59,124,47.58064516129033,11,28,39.285714285714285,38,54,70.37037037037037,18,52,70,30,10,10,31,46,167,-44
DeMarre Carroll,F,205,481,42.61954261954262,79,224,35.267857142857146,79,105,75.23809523809524,78,199,277,71,55,21,52,150,568,-96
DeShawn Stevenson,G,32,88,36.36363636363637,30,73,41.0958904109589,9,12,75.0,4,25,29,13,11,2,12,45,103,-88
Dean Wade,F,4,14,28.57142857142857,3,11,27.27272727272727,2,2,100.0,1,8,9,5,1,2,2,4,13,-21
Deandre Ayton,C,320,509,62.86836935166994,2,4,50.0,72,109,66.05504587155964,129,344,473,57,29,41,64,132,714,61
Dejounte Murray,G,83,195,42.56410256410256,18,46,39.130434782608695,33,43,76.74418604651163,17,67,84,70,31,4,31,32,217,-23
Delon Wright,G,82,161,50.931677018633536,28,58,48.275862068965516,39,52,75.0,22,57,79,70,37,12,26,26,231,-31
Delonte West,G,33,73,45.20547945205479,10,25,40.0,13,15,86.66666666666667,6,18,24,20,8,0,15,21,89,-104
Dennis Schroder,G,293,698,41.977077363896846,78,240,32.5,144,175,82.28571428571428,23,132,155,249,49,6,111,151,808,-56
Derek Fisher,G,133,328,40.54878048780488,61,157,38.853503184713375,49,57,85.96491228070175,10,99,109,85,51,5,28,122,376,102
Deron Williams,G,166,409,40.58679706601467,61,160,38.125,89,108,82.4074074074074,14,108,122,208,39,7,88,101,482,-1
Derrick Favors,"F, C",132,225,58.666666666666664,2,8,25.0,62,113,54.86725663716814,83,155,238,32,27,42,30,90,328,-26
Derrick Jones Jr.,F,94,203,46.30541871921182,31,88,35.22727272727273,26,38,68.42105263157895,43,53,96,36,19,28,23,78,245,-23
Derrick Rose,G,320,779,41.078305519897306,66,201,32.83582089552239,163,191,85.34031413612566,41,124,165,249,41,19,118,70,869,121
Derrick White,G,316,692,45.664739884393065,151,381,39.63254593175853,131,153,85.62091503267973,41,193,234,206,57,64,81,146,914,97
Desmond Bane,G,136,294,46.25850340136054,65,150,43.333333333333336,57,64,89.0625,14,84,98,55,18,11,36,48,394,60
Devin Booker,G,469,971,48.30072090628219,112,289,38.75432525951557,283,314,90.12738853503186,38,202,240,252,50,18,157,160,1333,-8
Devin Ebanks,F,16,39,41.02564102564102,0,3,0.0,5,8,62.5,7,13,20,6,3,7,2,13,37,5
Devin Harris,G,96,230,41.73913043478261,24,89,26.96629213483146,47,66,71.21212121212122,5,57,62,76,20,5,42,71,263,-123
Dewayne Dedmon,C,45,87,51.724137931034484,2,14,14.285714285714285,31,49,63.26530612244898,44,64,108,11,3,8,22,63,123,-79
Dexter Pittman,C,0,2,0.0,0,0,0.0,0,0,0.0,0,0,0,1,0,1,0,2,0,3
Dillon Brooks,"F, G",134,346,38.72832369942196,43,134,32.08955223880597,42,58,72.41379310344827,16,53,69,52,19,5,38,73,353,-4
Dirk Nowitzki,F,359,766,46.866840731070496,33,96,34.375,280,304,92.10526315789474,27,301,328,91,25,24,107,100,1031,55
Domantas Sabonis,C,97,193,50.259067357512954,3,17,17.647058823529413,43,64,67.1875,52,88,140,54,15,10,38,66,240,-74
Donatas Motiejunas,F,24,49,48.97959183673469,4,10,40.0,10,20,50.0,14,20,34,7,4,2,12,12,62,-19
Donovan Mitchell,G,551,1252,44.009584664536746,176,495,35.55555555555556,292,345,84.63768115942028,43,239,282,275,73,19,180,144,1570,-34
Donte DiVincenzo,"G, F",138,342,40.35087719298245,75,196,38.265306122448976,52,67,77.61194029850746,35,113,148,95,40,20,52,78,403,-109
Dorian Finney-Smith,"F, G",132,296,44.5945945945946,80,192,41.66666666666667,25,34,73.52941176470588,67,130,197,72,35,14,44,105,369,19
Draymond Green,"F, C",651,1449,44.927536231884055,158,520,30.384615384615383,365,502,72.70916334661355,264,1127,1391,974,240,214,411,593,1825,992
Duncan Robinson,"G, F",193,440,43.86363636363637,144,359,40.11142061281337,54,62,87.09677419354838,8,125,133,93,31,10,49,142,584,3
Dwight Howard,C,339,582,58.24742268041238,1,5,20.0,259,495,52.323232323232325,228,520,748,71,53,101,156,255,938,-157
Dwight Powell,C,39,66,59.09090909090909,0,3,0.0,29,46,63.04347826086957,34,56,90,18,7,6,14,63,107,13
Dwyane Wade,G,843,1802,46.781354051054386,52,158,32.91139240506329,480,626,76.6773162939297,150,429,579,476,164,108,303,259,2218,264
E'Twaun Moore,F,53,120,44.166666666666664,11,33,33.33333333333333,12,18,66.66666666666666,6,33,39,27,9,2,15,26,129,29
Earl Clark,F,18,50,36.0,2,7,28.57142857142857,4,7,57.14285714285714,12,39,51,3,5,7,10,11,42,-109
Elfrid Payton,G,2,8,25.0,0,0,0.0,1,2,50.0,0,0,0,4,1,0,0,1,5,5
Elton Brand,F,82,174,47.12643678160919,0,0,0.0,35,52,67.3076923076923,41,88,129,16,14,32,11,70,199,-62
Emeka Okafor,C,20,32,62.5,0,0,0.0,4,11,36.36363636363637,17,16,33,0,6,6,12,29,44,-47
Enes Freedom,C,183,356,51.40449438202247,4,19,21.052631578947366,80,103,77.66990291262135,135,211,346,33,16,30,56,119,450,3
Eric Bledsoe,G,203,460,44.130434782608695,36,142,25.352112676056336,89,125,71.2,42,121,163,184,49,25,90,100,531,163
Eric Gordon,"F, G",329,808,40.71782178217821,167,467,35.76017130620985,140,167,83.8323353293413,29,144,173,134,46,39,109,126,965,-120
Ersan Ilyasova,"C, F",123,306,40.19607843137255,32,115,27.82608695652174,52,71,73.23943661971832,76,158,234,46,30,14,34,93,330,57
Evan Fournier,"G, F",77,206,37.37864077669903,33,107,30.8411214953271,35,45,77.77777777777779,11,43,54,34,21,3,32,50,222,-202
Evan Mobley,"F, C",114,219,52.054794520547944,8,27,29.629629629629626,38,55,69.0909090909091,49,130,179,41,14,36,38,53,274,-20
Evan Turner,"G, F",174,468,37.17948717948718,21,59,35.59322033898305,88,115,76.52173913043478,49,268,317,161,43,19,93,121,457,-234
Facundo Campazzo,G,29,76,38.15789473684211,19,50,38.0,16,19,84.21052631578947,7,26,33,43,14,4,17,38,93,-58
Festus Ezeli,"C, F",70,132,53.03030303030303,0,0,0.0,47,94,50.0,60,93,153,16,5,24,38,83,187,2
Francisco Garcia,"F, G",24,56,42.857142857142854,17,40,42.5,6,9,66.66666666666666,4,18,22,9,4,5,4,24,71,3
Frank Kaminsky,F,24,68,35.294117647058826,6,22,27.27272727272727,18,22,81.81818181818183,5,39,44,22,8,8,6,24,72,-21
Franz Wagner,"F, G",54,135,40.0,13,44,29.545454545454547,47,55,85.45454545454545,13,49,62,36,7,13,15,27,168,18
Fred VanVleet,G,179,458,39.082969432314414,103,277,37.18411552346571,57,70,81.42857142857143,14,97,111,180,44,17,52,99,518,25
Furkan Korkmaz,F,48,124,38.70967741935484,22,70,31.428571428571427,21,28,75.0,5,44,49,19,9,5,11,25,139,34
Gabe Vincent,G,154,394,39.08629441624365,78,227,34.36123348017621,49,54,90.74074074074075,13,64,77,142,36,9,62,119,435,82
Garrett Temple,"F, G",23,68,33.82352941176471,11,47,23.404255319148938,17,24,70.83333333333334,2,20,22,11,8,2,12,29,74,-71
Gary Clark,F,11,33,33.33333333333333,11,32,34.375,4,5,80.0,4,25,29,7,5,2,2,7,37,-40
Gary Harris,G,120,292,41.0958904109589,50,143,34.96503496503497,52,62,83.87096774193549,24,80,104,62,39,16,34,105,342,42
Gary Payton II,"F, G",65,98,66.3265306122449,12,30,40.0,18,27,66.66666666666666,35,46,81,25,22,13,17,42,160,3
Gary Trent Jr.,G,47,127,37.00787401574803,23,63,36.507936507936506,23,26,88.46153846153845,6,14,20,11,10,3,8,27,140,-88
George Hill,G,481,1059,45.42020774315392,161,433,37.1824480369515,312,391,79.79539641943734,86,300,386,360,111,30,174,292,1435,271
Gerald Green,F,120,305,39.34426229508197,73,193,37.82383419689119,25,28,89.28571428571429,12,99,111,15,14,13,28,84,338,-45
Gerald Henderson,G,44,119,36.97478991596639,7,28,25.0,20,29,68.96551724137932,7,44,51,26,10,4,11,33,115,-59
Gerald Wallace,F,61,135,45.18518518518518,14,46,30.434782608695656,39,52,75.0,14,70,84,34,16,8,24,39,175,18
Giannis Antetokounmpo,F,792,1503,52.69461077844312,61,234,26.06837606837607,460,744,61.82795698924731,186,759,945,413,80,105,260,259,2105,279
Glen Davis,C,99,214,46.26168224299065,0,2,0.0,32,42,76.19047619047619,53,88,141,24,14,14,34,88,230,-146
Goran Dragic,G,286,637,44.89795918367347,74,213,34.74178403755869,112,144,77.77777777777779,34,142,176,170,35,7,96,133,758,60
Gordon Hayward,"F, G",138,344,40.116279069767444,45,128,35.15625,113,119,94.9579831932773,16,133,149,89,28,10,48,55,434,-121
Grant Williams,F,111,241,46.058091286307054,65,150,43.333333333333336,60,75,80.0,44,116,160,47,16,33,29,148,347,-4
Grayson Allen,"F, G",71,171,41.52046783625731,42,109,38.53211009174312,26,34,76.47058823529412,12,62,74,29,13,5,19,48,210,-89
Greg Monroe,C,64,134,47.76119402985074,1,4,25.0,47,61,77.04918032786885,46,66,112,20,17,8,30,37,176,-48
Greg Smith,F,6,9,66.66666666666666,0,0,0.0,6,12,50.0,7,6,13,0,2,2,4,9,18,-69
Harrison Barnes,F,286,683,41.874084919472914,81,236,34.32203389830508,109,145,75.17241379310344,107,244,351,90,50,25,64,142,762,108
Hassan Whiteside,C,74,125,59.199999999999996,1,1,100.0,42,75,56.00000000000001,51,154,205,6,11,52,31,76,191,-23
Hedo Turkoglu,F,45,139,32.37410071942446,18,65,27.692307692307693,15,25,60.0,6,39,45,39,20,6,18,49,123,-70
Herbert Jones,G,39,95,41.05263157894737,15,44,34.090909090909086,31,36,86.11111111111111,16,31,47,25,17,6,22,39,124,-63
Ian Mahinmi,C,74,140,52.85714285714286,0,0,0.0,59,97,60.824742268041234,73,96,169,19,19,49,41,147,207,-113
Iman Shumpert,"F, G",160,412,38.83495145631068,82,218,37.61467889908257,64,86,74.4186046511628,58,219,277,74,60,25,50,166,466,125
Isaac Okoro,F,41,103,39.80582524271845,15,53,28.30188679245283,15,17,88.23529411764706,8,22,30,18,18,7,17,42,112,-12
Isaiah Canaan,G,13,26,50.0,5,14,35.714285714285715,4,6,66.66666666666666,0,4,4,4,3,0,5,6,35,-29
Isaiah Hartenstein,C,66,113,58.4070796460177,1,2,50.0,35,42,83.33333333333334,82,87,169,67,13,32,26,78,168,-90
Isaiah Joe,G,29,67,43.28358208955223,18,47,38.297872340425535,0,0,0.0,4,22,26,12,5,0,9,14,76,28
Isaiah Thomas,G,176,438,40.182648401826484,52,174,29.88505747126437,160,190,84.21052631578947,8,69,77,158,20,7,80,63,564,-66
Ivica Zubac,C,156,270,57.77777777777777,0,0,0.0,96,126,76.19047619047619,123,210,333,26,15,29,52,103,408,53
J.J. Barea,G,108,264,40.909090909090914,21,74,28.37837837837838,37,45,82.22222222222221,13,56,69,128,10,0,49,54,274,-35
JJ Redick,"G, F",343,793,43.253467843631775,152,418,36.36363636363637,154,175,88.0,10,118,128,126,36,11,109,161,992,116
JR Smith,"G, F",381,990,38.484848484848484,238,630,37.77777777777778,96,136,70.58823529411765,40,292,332,123,98,31,103,269,1096,241
Ja Morant,G,181,403,44.91315136476427,40,112,35.714285714285715,116,153,75.81699346405229,28,102,130,164,29,5,66,43,518,-30
JaMychal Green,"C, F",118,242,48.760330578512395,41,107,38.31775700934579,38,46,82.6086956521739,47,141,188,33,12,13,31,119,315,-130
JaVale McGee,C,180,292,61.64383561643836,0,6,0.0,56,98,57.14285714285714,115,180,295,30,21,74,50,145,416,160
Jaden McDaniels,F,93,181,51.38121546961326,34,78,43.58974358974359,40,50,80.0,35,49,84,22,16,31,25,74,260,104
Jae Crowder,F,389,992,39.21370967741936,208,623,33.386837881219904,177,230,76.95652173913044,79,517,596,211,102,55,96,307,1163,-138
Jaime Jaquez Jr.,F,29,68,42.64705882352941,3,15,20.0,6,7,85.71428571428571,3,14,17,16,4,2,9,7,67,-30
Jakob Poeltl,C,45,78,57.692307692307686,0,2,0.0,20,30,66.66666666666666,46,56,102,18,6,10,11,54,110,-6
Jalen Brunson,G,441,980,45.0,86,264,32.57575757575758,249,306,81.37254901960785,43,170,213,248,41,4,87,100,1217,3
Jalen Suggs,G,39,103,37.86407766990291,15,58,25.862068965517242,32,43,74.4186046511628,16,30,46,32,12,4,22,25,125,21
Jalen Williams,F,83,178,46.62921348314607,16,44,36.36363636363637,24,30,80.0,16,59,75,58,19,5,23,24,206,74
Jamal Crawford,F,315,807,39.03345724907063,89,298,29.86577181208054,162,186,87.09677419354838,19,93,112,131,56,11,75,111,881,-20
Jamal Murray,G,605,1327,45.591559909570464,176,456,38.59649122807017,227,249,91.16465863453816,64,263,327,416,72,22,158,140,1613,232
Jameer Nelson,G,60,156,38.46153846153847,14,51,27.450980392156865,23,30,76.66666666666667,8,36,44,63,16,1,18,27,157,-22
James Ennis III,F,59,137,43.06569343065693,19,67,28.35820895522388,31,42,73.80952380952381,30,66,96,25,14,7,23,70,168,-115
James Harden,"G, F",1125,2645,42.53308128544423,418,1226,34.09461663947798,1078,1237,87.14632174616005,121,776,897,1058,267,92,567,483,3746,272
James Johnson,F,42,88,47.72727272727273,13,27,48.148148148148145,19,35,54.285714285714285,10,43,53,31,10,6,18,33,116,-81
Jared Dudley,F,20,56,35.714285714285715,13,32,40.625,8,11,72.72727272727273,3,18,21,21,20,4,11,29,61,-33
Jared Sullinger,C,34,80,42.5,5,13,38.46153846153847,7,11,63.63636363636363,19,36,55,8,1,3,11,28,80,-26
Jaren Jackson Jr.,"F, C",117,293,39.93174061433447,42,125,33.6,85,105,80.95238095238095,55,101,156,25,20,48,39,98,361,-36
Jarred Vanderbilt,F,37,87,42.5287356321839,7,29,24.137931034482758,21,30,70.0,31,61,92,16,18,15,18,47,102,-40
Jarrett Allen,C,92,149,61.74496644295302,0,0,0.0,59,82,71.95121951219512,74,149,223,42,18,22,29,43,243,-107
Jarrett Jack,F,118,242,48.760330578512395,12,44,27.27272727272727,67,77,87.01298701298701,10,83,93,96,19,6,66,44,315,40
Jason Collins,C,15,25,60.0,0,0,0.0,3,8,37.5,10,19,29,1,6,3,15,47,33,-25
Jason Kidd,G,81,227,35.68281938325991,55,158,34.810126582278485,35,42,83.33333333333334,21,140,161,201,64,15,80,55,252,101
Jason Richardson,G,38,104,36.53846153846153,18,52,34.61538461538461,13,20,65.0,9,30,39,11,9,4,9,23,107,-40
Jason Terry,G,250,561,44.563279857397504,106,265,40.0,101,122,82.78688524590164,17,104,121,155,52,9,71,132,707,42
Javonte Green,F,4,19,21.052631578947366,1,8,12.5,1,2,50.0,8,8,16,2,9,0,4,9,10,5
Jaxson Hayes,F,14,27,51.85185185185185,0,3,0.0,8,13,61.53846153846154,8,23,31,2,0,2,6,22,36,-20
Jaylen Brown,"F, G",898,1847,48.61938278289117,245,684,35.8187134502924,341,473,72.09302325581395,140,561,701,306,123,54,285,346,2382,220
Jayson Tatum,F,916,2084,43.953934740882914,264,770,34.285714285714285,638,760,83.94736842105263,110,797,907,559,128,100,329,301,2734,415
Jeff Green,F,276,649,42.526964560862865,91,244,37.295081967213115,163,209,77.99043062200957,53,253,306,116,42,47,96,198,806,-135
Jeff Teague,G,336,825,40.72727272727273,71,208,34.13461538461539,229,268,85.44776119402985,30,161,191,353,67,28,149,164,972,-187
Jerami Grant,F,128,281,45.55160142348754,44,129,34.10852713178294,68,85,80.0,29,100,129,39,19,30,38,94,368,-159
Jeremy Lin,G,59,157,37.57961783439491,11,51,21.568627450980394,51,61,83.60655737704919,10,39,49,56,11,2,37,47,180,-87
Jerian Grant,G,8,33,24.242424242424242,1,16,6.25,4,4,100.0,0,8,8,8,2,0,8,4,21,-5
Jermaine O'Neal,C,39,75,52.0,0,0,0.0,16,19,84.21052631578947,27,35,62,9,3,19,12,46,94,7
Jimmy Butler,"F, G",855,1860,45.96774193548387,145,418,34.688995215311,679,818,83.00733496332519,207,527,734,551,203,68,216,211,2534,25
Joakim Noah,C,174,386,45.07772020725388,0,0,0.0,86,138,62.31884057971014,189,313,502,138,43,84,83,167,434,-35
Jock Landale,C,17,27,62.96296296296296,0,1,0.0,9,14,64.28571428571429,10,18,28,3,3,3,2,15,43,26
Jodie Meeks,G,33,91,36.26373626373626,13,46,28.26086956521739,23,25,92.0,5,20,25,9,11,2,11,26,102,-54
Joe Harris,"F, G",81,208,38.94230769230769,46,130,35.38461538461539,18,22,81.81818181818183,13,77,90,25,10,2,25,61,226,-25
Joe Ingles,"F, G",172,392,43.87755102040816,108,274,39.416058394160586,35,49,71.42857142857143,16,179,195,196,58,9,69,117,487,18
Joe Johnson,"F, G",432,989,43.68048533872599,99,305,32.459016393442624,147,181,81.21546961325967,57,252,309,209,56,10,117,131,1110,-163
Joel Anthony,C,41,92,44.565217391304344,0,0,0.0,42,57,73.68421052631578,69,108,177,12,15,60,25,110,124,70
Joel Embiid,C,486,1066,45.590994371482175,69,242,28.512396694214875,491,594,82.65993265993265,135,524,659,194,51,103,222,202,1532,339
Johan Petro,C,14,27,51.85185185185185,0,0,0.0,1,2,50.0,4,18,22,4,1,4,3,18,29,-24
John Collins,"F, C",145,281,51.60142348754449,35,99,35.35353535353536,40,52,76.92307692307693,45,161,206,27,12,18,37,84,365,-61
John Henson,C,37,69,53.62318840579711,0,2,0.0,7,17,41.17647058823529,27,45,72,10,8,17,18,24,81,-51
John Wall,G,286,682,41.935483870967744,35,131,26.717557251908396,203,247,82.18623481781377,20,139,159,364,64,41,145,84,810,83
Jonas Jerebko,F,62,153,40.52287581699346,18,66,27.27272727272727,20,23,86.95652173913044,37,97,134,38,13,10,17,55,162,-37
Jonas Valanciunas,C,313,572,54.72027972027972,5,21,23.809523809523807,146,191,76.43979057591623,195,410,605,67,28,47,108,151,777,-136
Jonathan Isaac,"C, F",31,94,32.97872340425532,17,58,29.310344827586203,11,12,91.66666666666666,23,51,74,6,10,19,10,18,90,-76
Jonathan Kuminga,F,43,84,51.19047619047619,6,20,30.0,25,35,71.42857142857143,8,28,36,13,5,2,15,16,117,-58
Jonathon Simmons,"F, G",76,176,43.18181818181818,17,50,34.0,25,37,67.56756756756756,14,27,41,33,12,2,18,36,194,-85
Jordan Bell,C,34,63,53.96825396825397,0,1,0.0,14,24,58.333333333333336,22,44,66,26,10,16,8,31,82,32
Jordan Farmar,G,10,31,32.25806451612903,4,12,33.33333333333333,3,3,100.0,0,6,6,16,3,1,10,4,27,-37
Jordan Poole,G,175,389,44.987146529562985,66,191,34.55497382198953,91,105,86.66666666666667,14,76,90,129,27,11,68,94,507,46
Jose Calderon,G,50,114,43.859649122807014,19,53,35.84905660377358,3,3,100.0,6,22,28,58,9,1,16,40,122,22
Josh Giddey,G,35,81,43.20987654320987,12,36,33.33333333333333,7,8,87.5,7,32,39,24,2,5,14,9,89,46
Josh Hart,"G, F",123,272,45.220588235294116,40,106,37.735849056603776,60,84,71.42857142857143,63,196,259,88,25,15,59,85,346,-66
Josh Howard,F,5,17,29.411764705882355,1,2,50.0,4,5,80.0,4,10,14,4,2,1,2,3,15,-59
Josh McRoberts,F,40,95,42.10526315789473,8,26,30.76923076923077,23,27,85.18518518518519,16,59,75,31,13,8,17,51,111,33
Josh Okogie,F,20,49,40.816326530612244,3,17,17.647058823529413,14,19,73.68421052631578,12,13,25,15,9,2,5,25,57,-45
Josh Richardson,"F, G",79,213,37.08920187793427,36,103,34.95145631067961,42,48,87.5,21,70,91,54,21,20,31,74,236,-81
Josh Smith,F,233,556,41.906474820143885,39,127,30.708661417322837,107,200,53.5,65,248,313,130,37,51,100,122,612,-72
Jrue Holiday,G,573,1336,42.88922155688623,165,478,34.51882845188285,171,215,79.53488372093022,118,371,489,568,129,49,197,187,1482,302
Julius Randle,F,83,241,34.439834024896264,28,99,28.28282828282828,62,82,75.60975609756098,28,113,141,56,8,3,58,42,256,-27
Justin Anderson,F,25,57,43.859649122807014,11,31,35.483870967741936,13,18,72.22222222222221,10,27,37,10,5,4,9,22,74,-26
Justin Holiday,F,22,61,36.0655737704918,20,49,40.816326530612244,3,7,42.857142857142854,6,33,39,9,14,5,8,26,67,21
Justise Winslow,C,47,116,40.51724137931034,12,37,32.432432432432435,33,47,70.2127659574468,24,73,97,22,12,8,20,52,139,-57
Jusuf Nurkic,"C, F",92,186,49.46236559139785,4,20,20.0,51,73,69.86301369863014,57,137,194,54,24,23,41,85,239,-83
Juwan Morgan,F,3,13,23.076923076923077,2,11,18.181818181818183,3,8,37.5,9,17,26,6,2,0,1,13,11,24
Karl-Anthony Towns,"C, F",212,451,47.006651884700666,50,142,35.2112676056338,148,178,83.14606741573034,68,266,334,80,22,24,86,119,622,-83
Kawhi Leonard,F,1054,2062,51.115421920465565,234,587,39.86371379897785,616,730,84.38356164383562,251,838,1089,399,248,94,263,311,2958,650
Keegan Murray,F,26,58,44.827586206896555,12,32,37.5,4,6,66.66666666666666,15,29,44,5,4,2,4,18,68,-12
Keith Bogans,G,28,70,40.0,25,60,41.66666666666667,1,4,25.0,4,18,22,14,10,3,8,29,82,26
Kelly Olynyk,F,138,286,48.25174825174825,43,124,34.67741935483871,60,80,75.0,38,130,168,77,27,30,51,118,379,23
Kelly Oubre Jr.,F,80,187,42.780748663101605,25,74,33.78378378378378,34,43,79.06976744186046,20,60,80,22,32,19,23,85,219,-81
Kemba Walker,G,208,505,41.18811881188119,68,210,32.38095238095238,125,144,86.80555555555556,10,107,117,150,33,14,67,69,609,-73
Kendrick Nunn,G,53,135,39.25925925925926,17,61,27.86885245901639,10,10,100.0,3,35,38,26,5,3,15,25,133,-42
Kendrick Perkins,C,102,244,41.80327868852459,0,1,0.0,61,87,70.11494252873564,122,257,379,47,23,52,108,225,265,-51
Kenneth Faried,"F, C",61,105,58.0952380952381,1,1,100.0,25,33,75.75757575757575,40,93,133,7,12,9,19,48,148,8
Kent Bazemore,"F, G",96,253,37.94466403162055,29,114,25.438596491228072,46,71,64.7887323943662,16,131,147,54,31,20,39,57,267,-117
Kentavious Caldwell-Pope,G,226,534,42.32209737827715,118,326,36.19631901840491,74,87,85.0574712643678,31,147,178,110,79,24,46,154,644,142
Kenyon Martin,F,75,142,52.816901408450704,0,0,0.0,27,46,58.69565217391305,33,95,128,22,15,38,19,96,177,-44
Kevin Durant,F,1652,3422,48.275862068965516,358,996,35.9437751004016,1204,1388,86.74351585014409,121,1167,1288,696,170,197,533,411,4866,621
Kevin Garnett,"C, F",278,570,48.771929824561404,1,9,11.11111111111111,120,149,80.53691275167785,80,382,462,90,54,49,95,134,677,186
Kevin Huerter,"G, F",119,299,39.79933110367893,50,165,30.303030303030305,21,29,72.41379310344827,13,102,115,78,23,28,34,87,309,-113
Kevin Love,"F, C",365,908,40.198237885462554,176,443,39.729119638826184,213,249,85.54216867469879,141,597,738,146,55,41,118,187,1119,261
Kevon Looney,C,198,317,62.46056782334385,0,2,0.0,50,86,58.139534883720934,207,314,521,130,43,34,53,186,446,267
Khem Birch,C,25,48,52.083333333333336,2,4,50.0,16,18,88.88888888888889,22,43,65,14,3,6,14,32,68,11
Khris Middleton,"F, G",600,1353,44.345898004434595,197,507,38.8560157790927,276,318,86.79245283018868,68,463,531,387,96,16,217,255,1673,284
Kirk Hinrich,G,89,201,44.27860696517413,32,78,41.02564102564102,16,24,66.66666666666666,7,54,61,81,26,5,26,82,226,-84
Klay Thompson,"G, F",1126,2585,43.558994197292066,501,1237,40.50121261115602,279,330,84.54545454545455,79,547,626,351,150,85,274,411,3032,615
Kobe Bryant,G,215,487,44.14784394250513,29,101,28.71287128712871,129,156,82.6923076923077,24,68,92,85,32,5,65,56,588,-37
Kosta Koufos,C,33,70,47.14285714285714,1,1,100.0,12,15,80.0,39,47,86,9,9,14,9,39,79,-88
Kristaps Porzingis,"C, F",90,185,48.64864864864865,31,81,38.2716049382716,56,64,87.5,15,84,99,20,15,21,13,46,267,41
Kyle Anderson,F,145,291,49.828178694158076,14,55,25.454545454545453,43,58,74.13793103448276,54,162,216,128,64,20,44,101,347,-107
Kyle Korver,"G, F",299,719,41.58553546592489,213,538,39.5910780669145,90,100,90.0,18,281,299,111,65,46,94,205,901,282
Kyle Lowry,G,597,1439,41.487143849895766,240,700,34.285714285714285,359,445,80.67415730337079,92,462,554,703,165,49,290,433,1793,219
Kyrie Irving,G,825,1799,45.85881045025014,228,580,39.310344827586206,364,412,88.3495145631068,86,274,360,475,130,53,216,236,2242,507
LaMarcus Aldridge,"F, C",493,1087,45.3541858325667,15,46,32.608695652173914,262,311,84.2443729903537,164,369,533,98,39,79,91,164,1263,-153
Lamar Odom,F,56,128,43.75,9,34,26.47058823529412,30,44,68.18181818181817,17,71,88,32,7,9,25,41,151,-35
Lance Stephenson,G,251,560,44.82142857142858,60,182,32.967032967032964,71,106,66.98113207547169,43,278,321,182,44,7,100,145,633,54
Landry Fields,G,18,48,37.5,1,9,11.11111111111111,6,13,46.15384615384615,7,20,27,13,9,4,14,7,43,-65
Landry Shamet,"F, G",91,231,39.39393939393939,55,154,35.714285714285715,27,33,81.81818181818183,10,82,92,60,25,5,37,77,264,-38
Larry Sanders,C,19,33,57.57575757575758,0,0,0.0,5,11,45.45454545454545,11,22,33,5,3,5,12,18,43,-45
Lavoy Allen,"C, F",39,75,52.0,0,0,0.0,7,12,58.333333333333336,26,54,80,6,11,12,7,33,85,11
LeBron James,F,2257,4427,50.98260673142083,369,1087,33.94664213431462,1251,1691,73.97989355410999,334,1665,1999,1567,369,210,778,489,6134,1055
Lou Williams,G,309,773,39.974126778783955,66,243,27.160493827160494,201,239,84.10041841004184,27,145,172,221,65,6,111,107,885,-21
Luc Mbah a Moute,F,40,108,37.03703703703704,8,35,22.857142857142858,32,46,69.56521739130434,19,61,80,18,21,8,16,42,120,-163
Luguentz Dort,"G, F",62,173,35.83815028901734,40,118,33.89830508474576,24,34,70.58823529411765,26,46,72,27,15,8,26,70,188,15
Luis Scola,F,56,136,41.17647058823529,5,24,20.833333333333336,21,33,63.63636363636363,13,47,60,16,9,3,12,51,138,-117
Luka Doncic,G,556,1206,46.1028192371476,170,491,34.623217922606926,297,411,72.26277372262774,35,447,482,404,85,23,216,135,1579,100
Luke Kennard,F,66,135,48.888888888888886,38,82,46.34146341463415,10,12,83.33333333333334,10,40,50,21,9,1,7,29,180,-7
Luol Deng,F,231,531,43.50282485875706,55,165,33.33333333333333,92,117,78.63247863247864,59,218,277,93,47,31,71,86,609,129
Malcolm Brogdon,G,189,449,42.093541202672604,71,188,37.765957446808514,69,84,82.14285714285714,25,142,167,157,16,8,63,81,518,40
Malik Beasley,G,89,219,40.63926940639269,48,130,36.92307692307693,33,43,76.74418604651163,17,78,95,24,10,2,19,45,259,-85
Manu Ginobili,"G, F",367,869,42.232451093210585,134,398,33.66834170854271,282,351,80.34188034188034,49,278,327,389,118,27,206,246,1150,370
Marc Gasol,C,467,1051,44.433872502378684,53,145,36.55172413793103,344,426,80.75117370892019,145,602,747,321,83,140,141,336,1331,38
Marcin Gortat,C,183,340,53.8235294117647,0,0,0.0,58,90,64.44444444444444,128,250,378,68,16,47,59,106,424,120
Marco Belinelli,G,188,452,41.5929203539823,78,208,37.5,97,109,88.9908256880734,7,132,139,92,22,2,42,98,551,-102
Marcus Camby,C,11,23,47.82608695652174,1,1,100.0,0,2,0.0,19,41,60,8,4,9,6,19,23,-24
Marcus Morris Sr.,"F, C",319,737,43.28358208955223,130,320,40.625,128,166,77.10843373493977,61,309,370,94,36,22,51,201,896,19
Marcus Smart,G,453,1143,39.63254593175853,208,622,33.440514469453376,263,345,76.23188405797102,109,360,469,524,144,51,252,304,1377,46
Mario Chalmers,G,269,626,42.97124600638978,104,287,36.23693379790941,125,170,73.52941176470588,28,195,223,277,95,14,138,235,767,308
Markel Brown,G,2,5,40.0,0,2,0.0,2,2,100.0,2,0,2,1,0,0,2,0,6,-10
Markelle Fultz,G,45,105,42.857142857142854,6,17,35.294117647058826,15,22,68.18181818181817,7,24,31,40,10,3,22,38,111,-39
Markieff Morris,"C, F",135,323,41.795665634674926,49,133,36.84210526315789,52,65,80.0,52,162,214,60,23,29,50,140,371,114
Marreese Speights,F,117,286,40.909090909090914,25,63,39.682539682539684,52,78,66.66666666666666,50,96,146,24,14,22,34,99,311,-4
Marvin Williams,F,73,199,36.68341708542713,27,67,40.298507462686565,22,29,75.86206896551724,35,121,156,26,23,15,20,52,195,-101
Mason Plumlee,C,104,216,48.148148148148145,0,2,0.0,75,124,60.483870967741936,125,218,343,117,31,42,61,185,283,-146
Matisse Thybulle,"F, G",39,83,46.98795180722892,16,52,30.76923076923077,3,8,37.5,7,26,33,9,26,19,6,50,97,-133
Matt Barnes,F,158,409,38.63080684596577,53,206,25.728155339805824,58,79,73.41772151898735,70,191,261,87,59,23,75,192,427,-52
Matt Bonner,"C, F",62,147,42.17687074829932,35,94,37.234042553191486,24,31,77.41935483870968,20,83,103,29,10,12,9,97,183,96
Matthew Dellavedova,G,93,263,35.361216730038024,40,132,30.303030303030305,53,68,77.94117647058823,16,57,73,137,13,1,62,94,279,49
Maurice Harkless,F,116,266,43.609022556390975,26,90,28.888888888888886,42,69,60.86956521739131,61,94,155,37,33,25,30,112,300,-120
Max Strus,"G, F",191,490,38.9795918367347,117,359,32.590529247910865,40,50,80.0,40,198,238,111,33,15,46,149,539,51
Maxi Kleber,C,96,219,43.83561643835616,59,155,38.064516129032256,34,48,70.83333333333334,36,138,174,55,12,27,22,110,285,-99
Metta World Peace,F,64,167,38.32335329341318,25,78,32.05128205128205,30,39,76.92307692307693,26,47,73,39,25,12,17,46,183,-14
Meyers Leonard,C,58,106,54.71698113207547,26,54,48.148148148148145,6,13,46.15384615384615,14,75,89,21,6,3,11,55,148,26
Michael Carter-Williams,G,51,124,41.12903225806452,2,14,14.285714285714285,16,24,66.66666666666666,4,47,51,47,12,7,30,32,120,-97
Michael Kidd-Gilchrist,F,18,41,43.90243902439025,2,10,20.0,10,16,62.5,10,22,32,9,1,3,9,21,48,-23
Michael Porter Jr.,F,325,707,45.96888260254597,151,391,38.61892583120204,86,111,77.47747747747748,62,388,450,74,48,32,68,144,887,169
Mickael Pietrus,G,24,73,32.87671232876712,12,54,22.22222222222222,9,16,56.25,12,29,41,2,14,5,9,50,69,18
Mikal Bridges,"G, F",191,405,47.160493827160494,58,153,37.908496732026144,71,81,87.65432098765432,34,142,176,89,38,30,35,77,511,12
Mike Bibby,G,36,119,30.252100840336134,24,83,28.915662650602407,4,7,57.14285714285714,8,49,57,36,12,6,21,37,100,-59
Mike Conley,G,484,1164,41.580756013745706,151,418,36.124401913875595,290,361,80.33240997229917,51,282,333,603,119,21,179,225,1409,92
Mike Dunleavy,F,95,198,47.97979797979798,51,113,45.13274336283185,42,50,84.0,16,77,93,61,20,6,30,49,283,33
Mike Miller,"F, G",97,244,39.75409836065574,75,182,41.208791208791204,16,20,80.0,23,153,176,54,31,6,31,115,285,97
Miles McBride,G,66,151,43.70860927152318,31,81,38.2716049382716,13,15,86.66666666666667,7,28,35,32,9,3,11,36,176,-17
Mitchell Robinson,C,39,67,58.2089552238806,0,0,0.0,19,45,42.22222222222222,88,71,159,14,15,27,15,48,97,51
Monta Ellis,G,169,389,43.44473007712082,35,112,31.25,60,82,73.17073170731707,17,64,81,103,46,6,66,67,433,-112
Monte Morris,G,184,419,43.914081145584724,40,134,29.850746268656714,69,90,76.66666666666667,16,76,92,182,35,6,31,67,477,-186
Myles Turner,"C, F",235,470,50.0,57,144,39.58333333333333,83,121,68.59504132231406,70,227,297,57,23,80,75,136,610,61
Nate Robinson,G,73,170,42.94117647058823,24,71,33.80281690140845,33,43,76.74418604651163,6,26,32,54,12,2,32,39,203,-22
Nene Hilario,"C, F",178,341,52.19941348973607,0,1,0.0,79,148,53.37837837837838,73,175,248,62,34,29,59,134,435,18
Nerlens Noel,C,25,47,53.191489361702125,0,1,0.0,18,28,64.28571428571429,26,42,68,4,8,11,10,39,68,-20
Nic Claxton,C,51,78,65.38461538461539,0,0,0.0,12,35,34.285714285714285,26,64,90,19,10,28,9,34,114,-23
Nick Calathes,G,12,36,33.33333333333333,6,13,46.15384615384615,3,8,37.5,1,15,16,16,9,1,10,15,33,8
Nick Collison,F,119,209,56.9377990430622,2,5,40.0,40,54,74.07407407407408,117,148,265,64,44,38,42,196,280,143
Nick Young,F,45,120,37.5,31,80,38.75,22,26,84.61538461538461,2,22,24,7,4,4,9,38,143,64
Nickeil Alexander-Walker,"F, G",65,161,40.37267080745342,38,115,33.04347826086956,13,14,92.85714285714286,7,36,43,47,18,8,20,35,181,43
Nicolas Batum,"F, C",203,469,43.28358208955223,93,266,34.962406015037594,66,83,79.51807228915662,49,264,313,152,50,29,69,104,565,-105
Nikola Jokic,C,871,1635,53.272171253822634,141,361,39.05817174515235,389,464,83.83620689655173,264,749,1013,617,92,70,259,271,2272,162
Nikola Jovic,F,20,49,40.816326530612244,11,30,36.666666666666664,8,9,88.88888888888889,4,40,44,11,5,4,7,10,59,-78
Nikola Mirotic,F,130,335,38.80597014925373,61,192,31.770833333333332,62,77,80.51948051948052,37,169,206,43,30,24,36,87,383,19
Nikola Vucevic,C,117,261,44.827586206896555,34,99,34.34343434343434,26,32,81.25,32,126,158,51,8,14,34,39,294,-150
Noah Vonleh,C,8,22,36.36363636363637,0,0,0.0,2,5,40.0,10,23,33,10,3,3,6,12,18,-55
Norman Powell,"F, G",275,615,44.71544715447154,106,270,39.25925925925926,119,148,80.4054054054054,28,152,180,85,50,16,68,164,775,39
O.G. Anunoby,F,108,222,48.64864864864865,44,111,39.63963963963964,38,55,69.0909090909091,42,79,121,35,23,18,32,68,298,-32
O.J. Mayo,"G, F",87,250,34.8,33,92,35.869565217391305,56,68,82.35294117647058,13,73,86,64,27,6,44,74,263,14
OG Anunoby,F,65,131,49.61832061068702,17,45,37.77777777777778,10,15,66.66666666666666,8,54,62,11,9,10,11,17,157,-1
Obi Toppin,F,117,234,50.0,36,112,32.142857142857146,28,36,77.77777777777779,24,108,132,38,14,11,25,40,298,-18
Omer Asik,"C, F",53,109,48.62385321100918,0,0,0.0,46,84,54.761904761904766,72,132,204,22,14,32,43,96,152,-9
Onyeka Okongwu,C,41,72,56.94444444444444,1,2,50.0,27,41,65.85365853658537,51,62,113,11,11,25,15,65,110,-39
Otto Porter Jr.,F,156,318,49.056603773584904,47,131,35.87786259541985,53,73,72.6027397260274,52,208,260,83,56,20,31,82,412,239
P.J. Tucker,F,260,597,43.551088777219434,154,381,40.419947506561684,52,72,72.22222222222221,184,418,602,143,98,38,73,316,726,271
P.J. Washington,F,104,244,42.62295081967213,49,142,34.50704225352113,40,57,70.17543859649122,34,118,152,31,18,18,32,71,297,47
Pablo Prigioni,G,36,105,34.285714285714285,25,73,34.24657534246575,5,8,62.5,10,29,39,81,29,1,21,69,102,35
Paolo Banchero,F,86,186,46.236559139784944,19,51,37.254901960784316,43,59,72.88135593220339,16,54,70,36,10,5,47,18,234,5
Pascal Siakam,F,500,1030,48.54368932038835,61,229,26.637554585152838,187,262,71.37404580152672,120,357,477,218,59,42,95,203,1248,108
Pat Connaughton,G,190,408,46.568627450980394,104,279,37.27598566308244,33,40,82.5,57,284,341,94,37,28,40,103,517,49
Patrick Beverley,"G, F",210,508,41.338582677165356,87,240,36.25,79,100,79.0,86,223,309,213,69,42,72,234,586,-88
Patrick McCaw,F,23,55,41.81818181818181,9,27,33.33333333333333,15,17,88.23529411764706,13,26,39,20,13,3,4,19,70,7
Patrick Patterson,F,112,256,43.75,48,136,35.294117647058826,46,54,85.18518518518519,47,123,170,65,21,14,36,62,318,-108
Patrick Williams,F,22,47,46.808510638297875,7,21,33.33333333333333,8,11,72.72727272727273,6,21,27,4,5,3,7,15,59,-78
Patty Mills,G,229,534,42.88389513108614,124,328,37.80487804878049,62,78,79.48717948717949,18,121,139,152,51,5,67,118,644,142
Pau Gasol,"F, C",250,556,44.96402877697842,10,32,31.25,124,161,77.01863354037268,135,335,470,184,24,82,95,131,634,-18
Paul George,"F, G",787,1862,42.26638023630505,280,795,35.22012578616352,584,707,82.6025459688826,107,753,860,476,173,62,356,380,2438,182
Paul Millsap,F,397,926,42.87257019438445,68,234,29.059829059829063,293,386,75.90673575129534,170,458,628,180,86,94,163,248,1155,-46
Paul Pierce,"F, G",345,823,41.919805589307416,116,306,37.908496732026144,210,243,86.41975308641975,29,287,316,160,71,36,148,213,1016,-37
Paul Reed,C,50,91,54.94505494505495,2,3,66.66666666666666,12,16,75.0,65,72,137,19,16,15,18,54,114,-69
Pero Antic,"C, F",23,92,25.0,14,57,24.561403508771928,25,33,75.75757575757575,19,51,70,9,7,6,13,64,85,29
Precious Achiuwa,"C, F",49,99,49.494949494949495,5,19,26.31578947368421,12,27,44.44444444444444,30,43,73,11,5,19,17,35,115,-55
Quentin Grimes,G,14,46,30.434782608695656,9,37,24.324324324324326,9,11,81.81818181818183,3,22,25,13,9,5,10,17,46,18
Quentin Richardson,G,15,36,41.66666666666667,9,22,40.909090909090914,2,2,100.0,4,36,40,4,2,1,8,17,41,1
Quincy Pondexter,F,69,148,46.62162162162162,29,71,40.845070422535215,30,44,68.18181818181817,15,61,76,28,23,2,15,60,197,-57
RJ Barrett,"F, G",97,231,41.99134199134199,28,89,31.46067415730337,62,80,77.5,9,76,85,46,13,4,27,36,284,-60
Rajon Rondo,G,323,720,44.861111111111114,48,138,34.78260869565217,94,141,66.66666666666666,80,287,367,604,102,10,192,142,788,88
Ramon Sessions,G,69,184,37.5,14,50,28.000000000000004,39,54,72.22222222222221,5,55,60,66,8,2,32,41,191,6
Randy Foye,G,43,115,37.391304347826086,22,58,37.93103448275862,15,17,88.23529411764706,6,36,42,30,8,6,23,37,123,-88
Rashard Lewis,F,43,105,40.95238095238095,22,63,34.92063492063492,4,6,66.66666666666666,5,39,44,9,9,8,11,34,112,39
Raul Neto,G,31,86,36.04651162790697,11,35,31.428571428571427,14,16,87.5,5,29,34,24,6,1,11,30,87,-86
Ray Allen,G,256,591,43.31641285956007,132,329,40.121580547112465,137,161,85.09316770186336,39,200,239,101,54,10,78,145,781,251
Raymond Felton,G,157,372,42.204301075268816,30,93,32.25806451612903,50,71,70.4225352112676,24,82,106,126,46,8,52,75,394,-75
Reggie Bullock,F,82,197,41.62436548223351,64,163,39.263803680981596,20,23,86.95652173913044,13,88,101,40,26,2,12,61,248,-29
Reggie Evans,F,19,38,50.0,0,0,0.0,27,58,46.55172413793103,36,130,166,7,16,8,15,52,65,20
Reggie Jackson,G,346,759,45.586297760210805,131,339,38.64306784660767,113,127,88.9763779527559,35,216,251,244,42,17,118,187,936,9
Richard Hamilton,G,39,97,40.20618556701031,5,13,38.46153846153847,21,26,80.76923076923077,8,14,22,23,2,2,13,20,104,-13
Richard Jefferson,F,81,176,46.02272727272727,27,75,36.0,47,70,67.14285714285714,30,103,133,28,18,8,30,91,236,-52
Ricky Rubio,G,56,146,38.35616438356164,14,52,26.923076923076923,35,43,81.3953488372093,10,56,66,88,21,4,38,32,161,11
Robert Covington,"F, C",92,217,42.3963133640553,60,140,42.857142857142854,27,33,81.81818181818183,29,133,162,50,50,29,31,97,271,-16
Robert Williams III,C,153,210,72.85714285714285,0,3,0.0,49,66,74.24242424242425,110,187,297,48,25,78,34,104,355,129
Robin Lopez,C,110,187,58.82352941176471,0,0,0.0,43,58,74.13793103448276,89,91,180,17,9,35,26,79,263,-190
Rodions Kurucs,F,19,40,47.5,2,16,12.5,7,11,63.63636363636363,9,24,33,6,3,2,5,19,47,-84
Rodney Hood,G,128,308,41.55844155844156,35,125,28.000000000000004,56,74,75.67567567567568,17,80,97,44,16,7,30,88,347,-151
Romeo Langford,G,17,42,40.476190476190474,7,19,36.84210526315789,5,6,83.33333333333334,5,8,13,7,4,2,3,6,46,7
Ronny Turiaf,C,25,40,62.5,0,0,0.0,12,25,48.0,19,31,50,5,3,17,11,41,62,-20
Roy Hibbert,C,258,531,48.58757062146893,1,2,50.0,163,213,76.52582159624414,193,256,449,58,13,106,103,195,680,62
Royce O'Neale,"G, F",138,314,43.94904458598726,77,206,37.37864077669903,32,45,71.11111111111111,40,213,253,92,42,13,56,152,385,-248
Rudy Gay,F,102,249,40.963855421686745,16,56,28.57142857142857,52,66,78.78787878787878,32,92,124,33,20,8,37,44,272,-5
Rudy Gobert,C,340,523,65.00956022944551,0,1,0.0,247,396,62.37373737373737,240,536,776,85,49,109,105,254,927,3
Rui Hachimura,F,120,227,52.863436123348016,34,72,47.22222222222222,44,58,75.86206896551724,20,101,121,20,10,5,18,54,318,-79
Russell Westbrook,G,966,2393,40.36773923944839,164,554,29.602888086642597,677,822,82.36009732360098,213,612,825,889,203,40,461,340,2773,134
Ryan Anderson,F,82,222,36.93693693693694,45,137,32.846715328467155,32,35,91.42857142857143,45,92,137,29,15,8,26,84,241,-42
Salah Mejri,C,7,10,70.0,0,0,0.0,5,12,41.66666666666667,5,8,13,1,3,5,0,11,19,-16
Sam Young,F,52,122,42.62295081967213,5,23,21.73913043478261,15,23,65.21739130434783,18,41,59,6,10,4,15,35,124,-71
Samuel Dalembert,C,11,26,42.30769230769231,0,0,0.0,11,19,57.89473684210527,24,38,62,0,3,10,6,18,33,-35
Scottie Barnes,"C, G",18,42,42.857142857142854,2,12,16.666666666666664,13,16,81.25,7,29,36,17,4,1,5,12,51,-27
Semi Ojeleye,F,21,74,28.37837837837838,14,53,26.41509433962264,11,13,84.61538461538461,7,35,42,5,7,1,4,35,67,-60
Serge Ibaka,"F, C",634,1276,49.686520376175544,94,246,38.21138211382114,199,251,79.2828685258964,264,662,926,107,59,280,135,430,1561,235
Seth Curry,G,178,340,52.352941176470594,87,186,46.774193548387096,33,41,80.48780487804879,13,64,77,67,28,10,29,91,476,152
Shai Gilgeous-Alexander,"F, G",189,398,47.48743718592965,39,93,41.935483870967744,109,131,83.20610687022901,15,116,131,116,26,25,45,68,526,-22
Shake Milton,G,57,140,40.714285714285715,26,62,41.935483870967744,43,50,86.0,5,40,45,35,14,4,23,47,183,-19
Shane Battier,F,121,325,37.230769230769226,85,247,34.41295546558704,46,58,79.3103448275862,42,132,174,59,39,27,32,168,373,205
Shaun Livingston,"G, F",295,577,51.12651646447141,1,6,16.666666666666664,128,156,82.05128205128204,66,210,276,240,47,22,106,213,719,133
Shawn Marion,F,147,330,44.54545454545455,8,37,21.62162162162162,56,68,82.35294117647058,71,137,208,63,30,25,51,79,358,23
Shelvin Mack,G,55,144,38.19444444444444,25,68,36.76470588235294,25,33,75.75757575757575,11,45,56,60,16,0,17,31,160,-40
Solomon Hill,F,34,89,38.20224719101123,22,59,37.28813559322034,26,30,86.66666666666667,15,56,71,21,6,2,10,60,116,-58
Spencer Dinwiddie,G,135,321,42.05607476635514,58,146,39.726027397260275,83,109,76.14678899082568,14,65,79,110,26,8,51,69,411,-95
Spencer Hawes,C,79,176,44.88636363636363,7,18,38.88888888888889,28,38,73.68421052631578,31,107,138,39,7,19,30,63,193,21
Stephen Curry,G,1326,2926,45.317840054682165,618,1557,39.691714836223504,696,783,88.88888888888889,111,675,786,912,223,44,489,375,3966,948
Sterling Brown,G,21,54,38.88888888888889,8,29,27.586206896551722,13,18,72.22222222222221,6,35,41,22,11,5,11,19,63,14
Steve Blake,G,51,141,36.17021276595745,34,93,36.55913978494624,9,13,69.23076923076923,10,55,65,72,17,6,33,50,145,-148
Steve Nash,G,10,23,43.47826086956522,0,3,0.0,5,5,100.0,2,3,5,9,0,0,3,2,25,-5
Steve Novak,F,11,25,44.0,8,19,42.10526315789473,0,0,0.0,5,20,25,1,1,1,3,12,30,-37
Steven Adams,C,212,345,61.44927536231884,0,3,0.0,85,159,53.459119496855344,181,305,486,64,30,59,64,167,509,-59
T.J. McConnell,G,135,269,50.18587360594795,9,32,28.125,17,22,77.27272727272727,19,73,92,128,23,3,32,47,296,-10
T.J. Warren,F,38,89,42.69662921348314,8,27,29.629629629629626,12,13,92.3076923076923,9,26,35,16,10,4,12,21,96,-11
Taj Gibson,"F, C",208,394,52.79187817258884,0,3,0.0,99,137,72.26277372262774,128,183,311,40,29,69,60,159,515,-83
Taurean Prince,F,69,151,45.6953642384106,24,72,33.33333333333333,28,31,90.32258064516128,12,54,66,21,8,6,17,34,190,-76
Tayshaun Prince,F,53,147,36.054421768707485,6,23,26.08695652173913,14,23,60.86956521739131,16,51,67,35,8,5,11,26,126,-21
Terance Mann,"G, F, C",98,196,50.0,38,83,45.78313253012048,36,47,76.59574468085107,45,69,114,39,15,6,21,84,270,116
Terrance Ferguson,"G, F",12,37,32.432432432432435,10,29,34.48275862068966,0,0,0.0,4,13,17,8,3,0,6,24,34,-45
Terrence Jones,F,91,208,43.75,3,22,13.636363636363635,42,69,60.86956521739131,51,82,133,26,13,16,19,46,227,-37
Terrence Ross,F,129,340,37.94117647058823,59,193,30.569948186528496,42,56,75.0,7,93,100,30,33,17,45,87,359,-178
Terry Rozier,G,169,430,39.30232558139535,77,230,33.47826086956522,76,94,80.85106382978722,27,173,200,164,40,15,44,78,491,62
Thabo Sefolosha,"F, G",140,346,40.46242774566474,46,163,28.22085889570552,43,57,75.43859649122807,52,183,235,90,78,25,52,125,369,-157
Thaddeus Young,F,177,376,47.07446808510639,6,31,19.35483870967742,49,89,55.0561797752809,119,157,276,80,52,20,57,104,409,-118
Thon Maker,"C, F",30,85,35.294117647058826,8,42,19.047619047619047,22,27,81.48148148148148,18,33,51,21,7,26,15,49,90,1
Tiago Splitter,C,155,271,57.19557195571956,0,2,0.0,99,169,58.57988165680473,94,185,279,89,43,31,60,144,409,60
Tim Duncan,"F, C",509,1021,49.853085210577866,0,5,0.0,240,327,73.39449541284404,196,549,745,177,49,130,124,196,1258,451
Tim Hardaway Jr.,"G, F",140,367,38.14713896457766,69,206,33.49514563106796,41,62,66.12903225806451,13,84,97,40,13,2,24,59,390,-141
Timofey Mozgov,C,92,188,48.93617021276596,0,0,0.0,71,93,76.34408602150538,72,118,190,18,13,45,50,89,255,50
Timothe Luwawu-Cabarrot,F,25,73,34.24657534246575,16,48,33.33333333333333,11,12,91.66666666666666,1,20,21,10,3,0,10,21,77,-12
Tobias Harris,F,400,853,46.893317702227435,90,258,34.883720930232556,120,139,86.33093525179856,80,440,520,185,52,35,81,162,1010,42
Toney Douglas,G,19,51,37.254901960784316,10,24,41.66666666666667,7,8,87.5,3,14,17,15,2,0,5,15,55,-55
Tony Allen,"F, G",188,433,43.418013856812934,5,41,12.195121951219512,117,162,72.22222222222221,103,165,268,80,105,31,84,173,498,-35
Tony Parker,G,622,1352,46.005917159763314,47,144,32.63888888888889,281,363,77.41046831955923,35,213,248,492,74,9,224,137,1572,316
Tony Snell,G,50,143,34.96503496503497,32,97,32.98969072164948,4,4,100.0,6,52,58,23,8,11,16,53,136,-65
Torrey Craig,"F, G",132,289,45.674740484429066,57,150,38.0,35,53,66.0377358490566,65,172,237,45,24,24,32,144,356,-59
Trae Young,G,232,577,40.20797227036395,70,236,29.66101694915254,179,210,85.23809523809524,17,75,92,243,33,4,119,59,713,-102
Trevor Ariza,F,273,679,40.20618556701031,126,370,34.054054054054056,114,140,81.42857142857143,72,339,411,134,104,15,78,189,786,-97
Trevor Booker,F,19,39,48.717948717948715,0,3,0.0,10,13,76.92307692307693,21,36,57,8,3,10,4,37,48,-12
Trey Burke,G,41,92,44.565217391304344,12,32,37.5,13,18,72.22222222222221,3,20,23,22,9,2,7,20,107,-35
Trey Murphy III,F,35,88,39.77272727272727,24,61,39.34426229508197,4,5,80.0,7,38,45,14,9,10,9,24,98,-28
Tristan Thompson,"C, F",258,463,55.72354211663067,0,1,0.0,164,266,61.65413533834586,332,421,753,80,30,74,77,193,680,90
Ty Lawson,G,145,314,46.17834394904459,23,71,32.3943661971831,71,87,81.60919540229885,19,56,75,134,28,2,36,48,384,-63
Tyler Hansbrough,F,65,180,36.11111111111111,0,0,0.0,64,93,68.81720430107528,64,71,135,20,19,4,36,92,194,-109
Tyler Herro,G,245,596,41.10738255033557,90,273,32.967032967032964,88,98,89.79591836734694,15,187,202,159,21,10,89,66,668,-126
Tyler Johnson,G,46,100,46.0,23,55,41.81818181818181,18,22,81.81818181818183,5,23,28,26,5,1,8,42,133,-83
Tyler Zeller,C,39,74,52.702702702702695,0,0,0.0,17,23,73.91304347826086,16,50,66,15,6,8,11,24,95,-60
Tyreke Evans,G,35,91,38.46153846153847,13,31,41.935483870967744,18,31,58.06451612903226,3,34,37,23,8,2,12,18,101,-70
Tyrese Haliburton,G,109,222,49.0990990990991,54,143,37.76223776223776,17,20,85.0,13,66,79,131,20,11,34,14,289,56
Tyrese Maxey,G,291,626,46.48562300319489,94,241,39.004149377593365,122,139,87.76978417266187,17,142,159,143,32,17,54,86,798,0
Tyson Chandler,C,115,204,56.372549019607845,0,0,0.0,87,137,63.503649635036496,164,216,380,17,31,46,45,159,317,57
Tyus Jones,G,58,159,36.477987421383645,22,70,31.428571428571427,18,20,90.0,8,65,73,90,24,2,22,14,156,19
Udonis Haslem,"F, C",143,297,48.148148148148145,0,1,0.0,54,76,71.05263157894737,99,249,348,36,27,19,53,186,340,-30
Victor Oladipo,G,156,399,39.097744360902254,60,182,32.967032967032964,94,119,78.99159663865547,10,147,157,95,54,11,71,76,466,49
Vince Carter,"F, G",105,251,41.832669322709165,40,99,40.4040404040404,40,46,86.95652173913044,34,95,129,43,19,7,32,64,290,-117
Wayne Ellington,G,25,76,32.89473684210527,21,58,36.206896551724135,7,7,100.0,4,21,25,10,5,2,7,14,78,-123
Wayne Selden,G,9,26,34.61538461538461,2,11,18.181818181818183,3,4,75.0,3,6,9,7,1,1,2,8,23,5
Wendell Carter Jr.,C,21,57,36.84210526315789,9,33,27.27272727272727,11,15,73.33333333333333,11,40,51,12,5,4,7,27,62,12
Wenyen Gabriel,F,13,25,52.0,2,5,40.0,3,5,60.0,15,4,19,4,4,5,7,24,31,-10
Wesley Matthews,"G, F",175,446,39.23766816143498,93,265,35.094339622641506,79,98,80.61224489795919,34,112,146,60,49,15,54,143,522,-275
Will Barton,"F, G",110,278,39.568345323741006,39,115,33.91304347826087,31,42,73.80952380952381,26,94,120,49,11,13,34,41,290,-126
Wilson Chandler,"F, G",40,121,33.057851239669425,11,46,23.91304347826087,20,25,80.0,7,54,61,12,13,7,14,47,111,-3
Xavier Tillman,C,48,83,57.831325301204814,3,8,37.5,7,12,58.333333333333336,35,60,95,29,14,8,18,42,106,-40
Zach LaVine,G,27,63,42.857142857142854,9,24,37.5,14,15,93.33333333333333,0,21,21,24,3,1,12,9,77,-41
Zach Randolph,"F, C",407,944,43.11440677966102,4,26,15.384615384615385,240,327,73.39449541284404,202,387,589,109,48,24,116,196,1058,-55
Zaza Pachulia,C,74,160,46.25,0,1,0.0,63,83,75.90361445783132,63,136,199,51,26,10,34,101,211,-6
Ziaire Williams,F,25,59,42.3728813559322,12,39,30.76923076923077,12,13,92.3076923076923,4,14,18,7,5,0,4,15,74,-46
Zydrunas Ilgauskas,C,14,30,46.666666666666664,0,0,0.0,4,6,66.66666666666666,15,17,32,3,0,3,9,16,32,-65
