SEASON_YEAR,TEAM_ID,TEAM_ABBREVIATION,TEAM_NAME,W_RANK,WINS,LOSSES,PTS,PTS_TKN,PLUS_MINUS,MIN,FGM,FGA,FG_PCT,FG3M,FG3A,FG3_PCT,FTM,FTA,FT_PCT,OREB,DREB,REB,AST,TOV,STL,BLK,BLKA,PF,PFD
2010-11,1610612741,CHI,Chicago Bulls,1,62,20,98.62,91.30,7.32,48.37,37.10,80.33,0.46,6.23,17.26,0.36,18.20,24.49,0.74,11.79,32.37,44.16,22.28,14.16,7.22,5.71,5.82,19.99,20.06
2010-11,1610612759,SAS,San Antonio Spurs,2,61,21,103.68,97.98,5.71,48.24,38.39,80.83,0.48,8.35,21.06,0.40,18.55,24.20,0.76,10.11,31.74,41.85,22.39,13.43,7.34,4.54,4.56,18.98,20.74
2010-11,1610612748,MIA,Miami Heat,3,58,24,102.06,94.60,7.46,48.24,36.96,76.84,0.48,6.67,18.04,0.37,21.46,27.90,0.77,9.63,32.51,42.15,19.99,13.93,6.63,5.24,3.00,20.41,21.80
2010-11,1610612747,LAL,Los Angeles Lakers,4,57,25,101.48,95.37,6.11,48.37,38.15,82.40,0.46,6.39,18.13,0.35,18.79,24.13,0.77,12.06,31.90,43.96,21.96,13.09,7.34,5.15,4.54,18.96,20.73
2010-11,1610612742,DAL,Dallas Mavericks,5,57,25,100.24,96.01,4.23,48.06,37.43,78.82,0.48,7.87,21.56,0.36,17.52,22.56,0.77,9.51,31.93,41.44,23.83,13.96,6.79,4.29,3.70,19.21,20.12
2010-11,1610612738,BOS,Boston Celtics,6,56,26,96.50,91.13,5.37,48.24,36.87,75.84,0.49,4.98,13.65,0.36,17.79,23.11,0.77,7.79,31.00,38.79,23.43,14.57,8.24,4.20,4.44,20.46,20.23
2010-11,1610612760,OKC,Oklahoma City Thunder,7,55,27,104.83,101.04,3.79,48.79,37.39,80.60,0.47,5.94,17.11,0.35,24.11,29.28,0.82,11.01,31.76,42.77,20.39,14.10,7.98,5.94,4.34,22.39,21.55
2010-11,1610612753,ORL,Orlando Magic,8,52,30,99.21,93.74,5.46,48.37,36.05,78.18,0.46,9.39,25.65,0.36,17.72,25.62,0.70,10.54,32.67,43.21,19.95,14.93,6.68,4.68,3.78,20.00,21.84
2010-11,1610612743,DEN,Denver Nuggets,9,50,32,107.45,102.70,4.76,48.06,38.35,80.65,0.48,8.07,20.78,0.38,22.67,29.62,0.77,9.65,32.34,41.99,22.11,14.11,7.38,4.29,5.95,20.96,22.73
2010-11,1610612757,POR,Portland Trail Blazers,10,48,34,96.29,94.77,1.52,48.30,35.99,80.48,0.45,6.32,18.33,0.35,18.00,22.38,0.80,12.15,27.20,39.34,21.17,13.05,8.05,4.37,4.13,19.33,21.26
2010-11,1610612763,MEM,Memphis Grizzlies,11,46,36,99.94,97.60,2.34,48.49,39.02,82.94,0.47,3.77,11.29,0.33,18.12,24.16,0.75,11.83,29.16,40.99,20.62,13.96,9.40,5.38,6.16,20.79,21.39
2010-11,1610612740,NOH,New Orleans Hornets,12,46,36,94.93,94.04,0.89,48.37,35.90,78.24,0.46,5.41,15.02,0.36,17.71,23.13,0.77,10.05,30.10,40.15,20.62,13.04,7.61,4.38,4.83,20.96,20.41
2010-11,1610612737,ATL,Atlanta Hawks,13,44,38,95.00,95.82,-0.82,48.12,36.23,78.40,0.46,6.12,17.40,0.36,16.41,21.07,0.77,9.29,30.00,39.29,21.98,13.63,6.06,4.16,4.24,18.95,18.50
2010-11,1610612745,HOU,Houston Rockets,14,43,39,105.91,103.73,2.18,48.49,38.66,85.06,0.46,8.26,22.48,0.37,20.34,25.40,0.80,11.73,31.09,42.82,23.84,13.54,7.09,4.52,5.48,20.01,21.39
2010-11,1610612752,NYK,New York Knicks,15,42,40,106.51,105.73,0.78,48.24,38.29,83.74,0.46,9.33,25.38,0.37,20.60,25.45,0.81,10.33,30.12,40.45,21.43,13.70,7.62,5.79,4.39,21.26,20.77
2010-11,1610612755,PHI,Philadelphia 76ers,16,41,41,99.01,97.51,1.50,48.61,38.11,82.63,0.46,5.40,15.22,0.35,17.39,22.57,0.77,10.37,31.44,41.80,22.70,12.96,7.57,4.33,4.59,19.41,18.83
2010-11,1610612756,PHX,Phoenix Suns,17,40,42,105.01,105.90,-0.89,48.79,39.26,83.46,0.47,8.55,22.65,0.37,17.95,23.65,0.76,10.01,30.22,40.23,23.72,14.26,6.65,4.35,4.34,20.32,21.22
2010-11,1610612762,UTA,Utah Jazz,18,39,43,99.43,101.26,-1.83,48.49,37.37,80.37,0.47,5.30,15.32,0.33,19.39,25.13,0.77,10.95,28.51,39.46,23.43,14.33,7.67,5.90,5.01,22.74,21.98
2010-11,1610612754,IND,Indiana Pacers,19,37,45,99.79,100.87,-1.07,48.24,36.62,82.77,0.44,7.13,20.16,0.35,19.41,24.82,0.78,11.15,32.40,43.55,19.65,15.39,7.12,5.56,5.70,21.73,21.44
2010-11,1610612744,GSW,Golden State Warriors,20,36,46,103.38,105.71,-2.33,48.37,39.65,85.94,0.46,8.35,21.33,0.38,15.73,20.67,0.75,11.65,28.90,40.55,22.52,14.61,8.99,4.95,4.29,22.02,18.44
2010-11,1610612749,MIL,Milwaukee Bucks,21,35,47,91.88,92.72,-0.84,48.37,34.32,79.80,0.43,5.89,17.24,0.34,17.35,22.94,0.76,10.51,30.24,40.76,18.84,13.45,7.52,4.87,4.78,20.51,20.66
2010-11,1610612766,CHA,Charlotte Bobcats,22,34,48,93.29,97.29,-4.00,48.30,35.04,77.62,0.45,4.79,14.67,0.32,18.43,24.38,0.76,10.34,29.80,40.15,21.07,14.54,6.39,5.28,6.05,19.96,21.10
2010-11,1610612746,LAC,Los Angeles Clippers,23,32,50,98.65,101.78,-3.13,48.43,36.77,80.41,0.46,6.26,18.52,0.34,18.85,26.67,0.71,11.65,30.50,42.15,22.11,16.38,7.13,4.90,4.93,21.13,22.09
2010-11,1610612765,DET,Detroit Pistons,24,30,52,96.96,100.56,-3.60,48.49,37.27,81.06,0.46,5.76,15.32,0.37,16.67,22.61,0.74,11.35,27.27,38.62,21.10,13.01,7.26,4.00,4.65,19.87,18.84
2010-11,1610612758,SAC,Sacramento Kings,25,24,58,99.40,104.74,-5.34,48.43,38.22,85.11,0.45,5.22,15.57,0.34,17.74,24.16,0.73,13.06,30.80,43.87,20.43,16.15,7.41,4.77,5.66,22.01,21.01
2010-11,1610612751,NJN,New Jersey Nets,26,24,58,94.17,100.41,-6.24,48.79,35.59,80.95,0.44,5.60,16.30,0.34,17.40,22.94,0.76,11.09,29.76,40.84,21.01,14.05,5.59,4.68,4.57,22.04,19.98
2010-11,1610612764,WAS,Washington Wizards,27,23,59,97.28,104.68,-7.40,48.61,37.17,84.00,0.44,4.78,14.41,0.33,18.16,24.38,0.74,12.35,28.95,41.30,19.41,15.34,8.11,6.12,5.04,22.56,20.27
2010-11,1610612761,TOR,Toronto Raptors,28,22,60,99.07,105.35,-6.28,48.24,38.34,82.38,0.47,4.21,13.30,0.31,18.18,24.10,0.75,11.74,28.57,40.32,21.89,14.71,7.09,4.27,5.56,22.04,19.76
2010-11,1610612739,CLE,Cleveland Cavaliers,29,19,63,95.45,104.46,-9.01,48.18,35.20,81.06,0.44,6.21,18.16,0.34,18.85,25.30,0.74,10.44,29.87,40.30,20.98,14.22,6.63,4.16,5.96,20.10,21.30
2010-11,1610612750,MIN,Minnesota Timberwolves,30,17,65,101.07,107.71,-6.63,48.24,37.68,85.54,0.44,7.18,19.09,0.37,18.52,24.11,0.77,13.23,31.17,44.40,20.12,17.05,7.22,5.15,5.45,22.26,20.94
2011-12,1610612759,SAS,San Antonio Spurs,1,50,16,103.65,96.48,7.17,48.30,39.56,82.77,0.48,8.36,21.29,0.40,16.17,21.62,0.74,10.35,32.62,42.97,23.15,13.56,7.42,4.44,5.00,17.32,18.85
2011-12,1610612741,CHI,Chicago Bulls,2,50,16,96.35,88.17,8.18,48.30,37.38,82.76,0.45,6.35,16.92,0.38,15.24,21.12,0.72,13.86,32.80,46.67,23.14,13.98,6.91,5.88,5.20,17.26,17.67
2011-12,1610612760,OKC,Oklahoma City Thunder,3,47,19,103.06,96.94,6.12,48.45,37.30,79.23,0.47,7.15,19.95,0.36,21.30,26.42,0.81,11.00,32.68,43.68,18.55,16.35,7.55,8.17,4.86,20.48,20.03
2011-12,1610612748,MIA,Miami Heat,4,46,20,98.48,92.50,5.98,48.61,37.06,78.97,0.47,5.61,15.61,0.35,18.76,24.21,0.77,10.39,31.21,41.61,19.95,15.18,8.86,5.38,4.24,19.42,20.55
2011-12,1610612754,IND,Indiana Pacers,5,42,24,97.71,94.41,3.30,48.45,35.67,81.44,0.44,5.94,16.12,0.37,20.44,26.12,0.78,12.52,31.36,43.88,18.61,14.02,7.92,5.41,6.03,21.67,21.64
2011-12,1610612747,LAL,Los Angeles Lakers,6,41,25,97.30,95.88,1.42,48.68,36.80,80.59,0.46,5.48,16.85,0.32,18.21,24.08,0.76,12.11,34.11,46.21,22.50,15.11,5.91,5.32,4.58,16.80,20.18
2011-12,1610612763,MEM,Memphis Grizzlies,7,41,25,94.98,92.97,2.02,48.30,36.74,82.15,0.45,4.20,12.86,0.32,17.30,22.79,0.76,12.59,29.45,42.05,19.55,14.47,9.56,5.23,5.50,19.94,19.32
2011-12,1610612746,LAC,Los Angeles Clippers,8,40,26,97.55,94.98,2.56,48.38,36.95,81.30,0.46,7.79,21.83,0.35,15.85,23.30,0.67,12.12,29.44,41.56,20.98,13.32,8.42,4.77,4.48,21.20,21.23
2011-12,1610612737,ATL,Atlanta Hawks,9,40,26,96.59,93.15,3.44,48.98,36.80,81.03,0.45,7.45,20.15,0.37,15.53,20.98,0.75,9.88,31.30,41.18,22.44,13.95,8.12,4.59,4.74,17.85,19.14
2011-12,1610612738,BOS,Boston Celtics,10,39,27,91.85,89.33,2.52,48.30,35.47,77.06,0.46,5.50,14.97,0.36,15.41,19.82,0.79,7.71,31.08,38.79,23.59,14.83,7.55,5.48,4.61,19.92,18.44
2011-12,1610612743,DEN,Denver Nuggets,11,38,28,104.12,101.24,2.88,48.61,38.97,81.88,0.48,6.59,19.86,0.33,19.59,26.67,0.74,11.18,31.89,43.08,23.95,15.38,8.18,5.00,6.65,19.65,22.00
2011-12,1610612753,ORL,Orlando Magic,12,37,29,94.17,93.38,0.79,48.38,34.47,78.21,0.44,10.15,27.05,0.37,15.08,22.85,0.66,11.24,31.21,42.45,20.02,14.91,6.83,4.17,4.14,17.70,19.82
2011-12,1610612762,UTA,Utah Jazz,13,36,30,99.65,99.03,0.62,48.98,38.23,83.80,0.46,4.14,12.80,0.32,19.06,25.27,0.76,13.05,31.14,44.18,21.80,14.18,8.26,5.83,5.68,21.83,20.70
2011-12,1610612752,NYK,New York Knicks,14,36,30,97.85,94.65,3.20,48.30,35.83,80.83,0.44,7.83,23.30,0.33,18.35,24.76,0.74,11.26,30.48,41.74,20.12,16.00,9.42,4.18,5.06,21.08,21.77
2011-12,1610612742,DAL,Dallas Mavericks,15,36,30,95.79,94.83,0.95,48.68,36.33,82.00,0.44,7.53,22.18,0.34,15.59,20.21,0.77,10.08,32.68,42.76,20.91,14.03,8.56,5.11,4.02,18.58,18.38
2011-12,1610612755,PHI,Philadelphia 76ers,16,35,31,93.64,89.39,4.24,48.23,37.44,83.58,0.45,5.29,14.59,0.35,13.47,18.15,0.74,10.67,32.48,43.15,22.02,11.18,7.97,5.15,4.79,17.53,16.21
2011-12,1610612745,HOU,Houston Rockets,17,34,32,98.09,97.86,0.23,48.68,37.71,83.98,0.45,7.24,20.15,0.36,15.42,19.71,0.78,11.65,30.52,42.17,21.27,14.47,7.52,4.83,5.15,20.41,18.41
2011-12,1610612756,PHX,Phoenix Suns,18,33,33,98.36,98.61,-0.24,48.00,37.80,82.50,0.46,6.73,19.62,0.34,16.03,21.17,0.76,10.86,30.83,41.70,22.52,14.06,6.53,5.55,4.36,18.68,19.59
2011-12,1610612749,MIL,Milwaukee Bucks,19,31,35,99.02,98.74,0.27,48.08,37.91,85.64,0.44,6.61,19.17,0.34,16.59,21.44,0.78,12.42,30.05,42.47,23.48,14.08,8.30,5.08,4.50,19.29,19.36
2011-12,1610612757,POR,Portland Trail Blazers,20,28,38,97.20,97.82,-0.62,48.38,36.39,82.08,0.44,7.24,20.94,0.34,17.17,21.56,0.79,11.14,29.53,40.67,20.44,14.17,8.00,4.88,4.76,18.95,19.79
2011-12,1610612750,MIN,Minnesota Timberwolves,21,26,40,97.94,100.14,-2.20,48.30,35.68,82.33,0.43,7.17,21.56,0.33,19.41,25.18,0.77,12.08,31.65,43.73,19.55,15.17,6.61,4.44,5.71,18.36,21.74
2011-12,1610612765,DET,Detroit Pistons,22,25,41,90.86,95.65,-4.79,48.38,34.71,79.27,0.44,4.80,13.88,0.33,16.64,22.14,0.76,11.74,28.52,40.26,18.67,15.65,6.97,4.21,5.27,19.59,19.44
2011-12,1610612744,GSW,Golden State Warriors,23,23,43,97.77,101.18,-3.41,48.23,37.71,82.47,0.46,7.94,20.47,0.38,14.41,18.71,0.77,9.70,29.50,39.20,22.27,13.86,8.00,5.48,4.97,21.36,16.59
2011-12,1610612761,TOR,Toronto Raptors,24,23,43,90.70,94.00,-3.30,48.38,34.36,78.09,0.44,5.53,16.29,0.33,16.44,21.36,0.76,10.56,31.42,41.98,20.94,15.17,6.50,4.86,4.88,23.21,18.39
2011-12,1610612758,SAC,Sacramento Kings,25,22,44,98.76,104.44,-5.68,48.23,37.73,86.55,0.44,6.23,19.71,0.31,17.08,23.21,0.74,13.36,29.50,42.86,19.26,14.42,8.50,4.89,6.41,19.50,19.89
2011-12,1610612751,NJN,New Jersey Nets,26,22,44,93.09,99.08,-5.98,48.15,34.27,80.61,0.43,7.68,22.44,0.34,16.86,21.71,0.78,11.86,28.47,40.33,19.86,15.08,7.47,3.94,5.00,19.21,19.30
2011-12,1610612739,CLE,Cleveland Cavaliers,27,21,45,93.03,100.23,-7.20,48.38,34.26,81.21,0.42,6.67,19.29,0.34,17.85,24.92,0.72,12.74,29.53,42.27,19.82,15.41,7.06,3.97,6.20,19.95,20.92
2011-12,1610612740,NOH,New Orleans Hornets,28,21,45,89.64,93.39,-3.76,48.30,34.85,77.32,0.45,3.92,11.77,0.34,16.02,21.17,0.76,10.97,30.17,41.14,20.73,15.52,7.39,4.79,5.76,20.06,18.71
2011-12,1610612764,WAS,Washington Wizards,29,20,46,93.64,98.44,-4.80,48.08,36.58,82.95,0.44,5.21,16.29,0.31,15.27,21.00,0.73,11.74,29.92,41.67,19.12,15.27,7.98,6.32,4.55,21.29,18.65
2011-12,1610612766,CHA,Charlotte Bobcats,30,7,59,86.95,100.86,-13.91,48.15,33.23,80.20,0.42,3.98,13.52,0.29,16.52,22.15,0.74,10.26,28.70,38.95,20.09,14.50,6.02,5.47,5.73,18.92,20.32
2012-13,1610612748,MIA,Miami Heat,1,66,16,102.88,95.01,7.87,48.49,38.39,77.41,0.50,8.74,22.06,0.39,17.35,23.01,0.76,8.24,30.37,38.61,23.05,13.94,8.66,5.38,3.20,18.70,20.40
2012-13,1610612760,OKC,Oklahoma City Thunder,2,60,22,105.72,96.51,9.21,48.37,38.12,79.32,0.48,7.29,19.37,0.38,22.18,26.78,0.83,10.41,33.23,43.65,21.38,15.28,8.28,7.61,3.93,20.17,20.71
2012-13,1610612759,SAS,San Antonio Spurs,3,58,24,103.02,96.62,6.40,48.49,39.15,81.40,0.48,8.09,21.51,0.38,16.65,21.04,0.79,8.12,33.18,41.30,25.10,14.71,8.48,5.44,4.94,17.40,19.09
2012-13,1610612743,DEN,Denver Nuggets,4,57,25,106.15,101.06,5.09,48.55,40.72,85.16,0.48,6.35,18.51,0.34,18.35,26.20,0.70,13.32,31.72,45.04,24.41,15.28,9.29,6.50,6.76,20.51,21.65
2012-13,1610612746,LAC,Los Angeles Clippers,5,56,26,101.09,94.63,6.45,48.12,38.54,80.59,0.48,7.65,21.37,0.35,16.37,23.02,0.72,11.44,30.18,41.62,23.88,14.60,9.56,5.62,4.09,20.93,20.88
2012-13,1610612763,MEM,Memphis Grizzlies,6,56,26,93.40,89.26,4.15,48.30,36.15,81.45,0.45,4.66,13.50,0.34,16.45,21.29,0.77,12.91,29.82,42.73,20.91,13.95,8.57,5.32,5.49,20.24,20.04
2012-13,1610612752,NYK,New York Knicks,7,54,28,99.95,95.72,4.23,48.12,36.54,81.57,0.45,10.87,28.91,0.37,16.01,21.09,0.76,10.85,29.71,40.56,19.26,12.05,8.20,3.59,3.99,20.12,19.22
2012-13,1610612751,BKN,Brooklyn Nets,8,49,33,96.88,95.10,1.78,48.43,35.88,79.80,0.45,7.66,21.46,0.36,17.46,23.88,0.73,12.77,30.00,42.77,20.34,14.71,7.30,4.77,4.76,18.29,21.35
2012-13,1610612754,IND,Indiana Pacers,9,49,32,94.74,90.72,4.02,48.37,35.12,80.56,0.44,6.85,19.74,0.35,17.64,23.64,0.75,12.88,32.98,45.85,20.31,15.15,7.16,6.33,5.67,20.04,21.94
2012-13,1610612744,GSW,Golden State Warriors,10,47,35,101.17,100.28,0.89,48.30,38.17,83.41,0.46,8.02,19.90,0.40,16.80,21.27,0.79,10.79,34.16,44.95,22.50,15.07,6.91,4.22,4.87,21.38,19.16
2012-13,1610612745,HOU,Houston Rockets,11,45,37,105.95,102.48,3.48,48.24,38.10,82.71,0.46,10.57,28.89,0.37,19.18,25.45,0.76,11.09,32.34,43.43,23.20,16.44,8.28,4.38,6.07,20.27,20.41
2012-13,1610612747,LAL,Los Angeles Lakers,12,45,37,102.21,101.05,1.16,48.18,37.09,80.98,0.46,8.72,24.57,0.35,19.32,27.91,0.70,11.49,33.32,44.80,22.17,15.02,7.02,5.23,4.83,17.89,23.06
2012-13,1610612741,CHI,Chicago Bulls,13,45,37,93.18,92.87,0.32,48.37,35.68,81.68,0.44,5.44,15.43,0.35,16.38,21.20,0.77,12.51,30.66,43.17,23.00,14.28,7.17,5.09,5.82,19.72,19.62
2012-13,1610612737,ATL,Atlanta Hawks,14,44,38,97.95,97.55,0.40,48.43,37.61,81.02,0.47,8.61,23.18,0.37,14.12,19.74,0.71,9.24,31.62,40.87,24.48,14.87,8.10,4.50,4.27,17.96,18.82
2012-13,1610612762,UTA,Utah Jazz,15,43,39,98.02,98.11,-0.09,48.49,37.15,81.83,0.45,6.18,16.89,0.36,17.55,22.96,0.76,12.06,29.96,42.02,22.67,14.76,8.41,6.28,5.85,21.34,20.37
2012-13,1610612742,DAL,Dallas Mavericks,16,41,41,101.13,101.73,-0.60,48.73,38.80,84.05,0.46,7.39,19.85,0.37,16.13,20.35,0.79,9.35,32.56,41.91,23.24,13.95,7.90,5.54,4.15,20.71,18.87
2012-13,1610612738,BOS,Boston Celtics,17,41,40,96.52,96.74,-0.22,48.99,37.05,79.74,0.47,6.15,17.16,0.36,16.27,20.96,0.78,8.07,31.27,39.35,22.75,14.58,8.23,4.51,4.67,21.20,19.43
2012-13,1610612749,MIL,Milwaukee Bucks,18,38,44,98.88,100.38,-1.50,48.37,38.15,87.77,0.44,7.33,20.37,0.36,15.26,20.73,0.73,13.02,30.94,43.96,22.88,14.10,8.35,6.71,4.41,18.95,19.11
2012-13,1610612761,TOR,Toronto Raptors,19,34,48,97.21,98.68,-1.48,48.73,36.33,81.52,0.45,6.96,20.30,0.34,17.59,22.33,0.79,10.62,29.59,40.21,21.52,13.71,7.26,4.78,4.72,22.39,20.12
2012-13,1610612755,PHI,Philadelphia 76ers,20,34,48,93.17,96.51,-3.34,48.18,37.30,84.09,0.44,6.32,17.54,0.36,12.24,16.79,0.72,10.93,30.40,41.33,22.77,13.05,7.43,4.68,4.83,18.35,16.23
2012-13,1610612757,POR,Portland Trail Blazers,21,33,49,97.50,100.67,-3.17,48.43,36.70,81.89,0.45,8.21,23.22,0.35,15.90,20.49,0.77,10.66,30.17,40.83,21.76,14.67,6.56,4.30,4.38,18.51,18.74
2012-13,1610612750,MIN,Minnesota Timberwolves,22,31,51,95.74,98.11,-2.37,48.12,35.89,81.73,0.44,5.49,17.99,0.30,18.48,24.90,0.74,11.87,30.16,42.02,22.39,14.80,8.54,4.72,5.87,18.40,22.52
2012-13,1610612765,DET,Detroit Pistons,23,29,53,94.85,98.84,-3.99,48.30,36.33,80.95,0.45,6.26,17.56,0.35,15.94,22.80,0.70,12.09,30.04,42.12,21.24,15.13,7.00,4.88,5.76,19.79,19.88
2012-13,1610612764,WAS,Washington Wizards,24,29,53,93.22,95.76,-2.54,48.43,35.49,81.62,0.44,6.65,18.23,0.37,15.60,21.29,0.74,10.82,32.34,43.16,21.65,15.10,7.29,4.59,4.37,20.50,19.13
2012-13,1610612758,SAC,Sacramento Kings,25,28,54,100.23,105.11,-4.88,48.37,37.63,84.20,0.45,7.44,20.50,0.36,17.52,22.79,0.77,11.50,29.09,40.59,20.83,14.62,8.18,4.17,6.30,20.94,19.95
2012-13,1610612740,NOH,New Orleans Hornets,26,27,55,94.07,97.94,-3.87,48.24,36.04,80.35,0.45,6.52,17.98,0.36,15.48,19.95,0.78,12.05,29.59,41.63,20.99,14.55,6.34,5.37,6.00,20.40,18.71
2012-13,1610612756,PHX,Phoenix Suns,27,25,57,95.18,101.65,-6.46,48.30,37.33,84.35,0.44,5.85,17.74,0.33,14.67,19.73,0.75,11.70,29.93,41.62,22.62,15.59,8.04,5.29,5.13,20.59,18.43
2012-13,1610612739,CLE,Cleveland Cavaliers,28,24,58,96.50,101.18,-4.68,48.12,36.50,84.16,0.43,6.67,19.28,0.34,16.83,22.27,0.76,12.24,28.77,41.01,20.66,14.01,7.89,4.07,6.83,21.18,19.70
2012-13,1610612766,CHA,Charlotte Bobcats,29,21,61,93.43,102.66,-9.23,48.30,34.43,81.09,0.43,5.72,17.06,0.33,18.85,25.12,0.75,11.18,29.13,40.32,19.35,14.06,7.21,5.84,6.89,19.04,21.29
2012-13,1610612753,ORL,Orlando Magic,30,20,62,94.12,101.11,-6.99,48.24,37.72,84.20,0.45,6.17,18.74,0.32,12.51,16.57,0.76,10.85,31.85,42.71,22.82,14.52,6.44,4.37,5.24,19.40,16.50
2013-14,1610612759,SAS,San Antonio Spurs,1,62,20,105.35,97.63,7.72,48.18,40.56,83.46,0.49,8.51,21.43,0.40,15.72,20.02,0.78,9.29,33.98,43.27,25.17,14.39,7.37,5.12,4.62,18.23,19.33
2013-14,1610612760,OKC,Oklahoma City Thunder,2,59,23,106.16,99.82,6.34,48.30,38.95,82.71,0.47,8.10,22.43,0.36,20.16,25.02,0.80,10.82,33.91,44.73,21.88,15.32,8.27,6.11,3.61,22.66,20.39
2013-14,1610612746,LAC,Los Angeles Clippers,3,57,25,107.93,100.95,6.98,48.18,39.12,82.45,0.48,8.45,23.98,0.35,21.23,29.07,0.73,10.46,32.54,43.00,24.59,13.85,8.57,4.84,3.46,21.55,23.40
2013-14,1610612754,IND,Indiana Pacers,4,56,26,96.74,92.34,4.40,48.24,35.96,80.16,0.45,6.71,18.80,0.36,18.11,23.26,0.78,10.17,34.52,44.70,20.13,15.09,6.71,5.44,4.61,20.43,21.87
2013-14,1610612745,HOU,Houston Rockets,5,54,28,107.67,103.11,4.56,48.37,38.02,80.52,0.47,9.50,26.57,0.36,22.12,31.09,0.71,11.22,34.11,45.33,21.40,16.13,7.57,5.62,5.61,20.44,24.30
2013-14,1610612757,POR,Portland Trail Blazers,6,54,28,106.74,102.76,3.99,48.43,39.11,87.00,0.45,9.39,25.26,0.37,19.13,23.49,0.82,12.46,33.98,46.44,23.22,13.72,5.54,4.72,3.71,19.22,20.71
2013-14,1610612748,MIA,Miami Heat,7,54,28,102.20,97.44,4.76,48.49,38.32,76.49,0.50,8.11,22.30,0.36,17.45,22.98,0.76,7.65,29.23,36.88,22.52,14.78,8.93,4.48,3.12,19.46,20.43
2013-14,1610612744,GSW,Golden State Warriors,8,51,31,104.26,99.45,4.80,48.37,39.46,85.43,0.46,9.44,24.84,0.38,15.89,21.11,0.76,10.93,34.38,45.30,23.32,15.21,7.83,4.96,4.17,21.76,19.32
2013-14,1610612763,MEM,Memphis Grizzlies,9,50,32,96.15,94.57,1.57,48.30,38.07,81.99,0.47,4.94,13.99,0.35,15.06,20.32,0.74,11.59,30.80,42.39,21.85,13.71,7.70,4.57,5.00,19.12,18.94
2013-14,1610612742,DAL,Dallas Mavericks,10,49,33,104.84,102.44,2.40,48.37,39.62,83.63,0.47,8.79,22.89,0.38,16.80,21.13,0.79,10.24,30.66,40.90,23.60,13.54,8.59,4.34,3.51,19.95,19.91
2013-14,1610612756,PHX,Phoenix Suns,11,48,34,105.23,102.60,2.63,48.18,38.68,83.48,0.46,9.33,25.06,0.38,18.54,24.44,0.75,11.32,31.72,43.04,19.06,15.34,8.39,4.56,4.05,21.93,21.33
2013-14,1610612761,TOR,Toronto Raptors,12,48,34,101.28,98.04,3.24,48.67,36.49,81.93,0.45,8.70,23.38,0.37,19.61,25.06,0.78,11.40,31.12,42.52,21.18,14.13,7.04,4.18,4.29,22.95,22.13
2013-14,1610612741,CHI,Chicago Bulls,13,48,34,93.66,91.80,1.85,48.61,34.67,80.21,0.43,6.20,17.79,0.35,18.12,23.27,0.78,11.43,32.72,44.15,22.68,14.91,7.24,5.17,5.98,19.09,20.90
2013-14,1610612764,WAS,Washington Wizards,14,44,38,100.66,99.39,1.27,48.91,38.74,84.39,0.46,7.89,20.78,0.38,15.28,20.91,0.73,10.80,31.38,42.18,23.28,14.68,8.15,4.60,3.90,20.43,19.51
2013-14,1610612751,BKN,Brooklyn Nets,15,44,38,98.52,99.52,-1.00,48.49,35.74,77.94,0.46,8.65,23.44,0.36,18.39,24.41,0.75,8.79,29.35,38.15,20.90,14.52,8.60,3.79,4.11,21.67,20.78
2013-14,1610612766,CHA,Charlotte Bobcats,16,43,39,96.85,97.07,-0.22,48.55,36.29,82.07,0.44,6.29,17.94,0.35,17.98,24.39,0.74,9.46,33.22,42.68,21.68,12.32,6.09,5.13,5.06,18.21,20.93
2013-14,1610612750,MIN,Minnesota Timberwolves,17,40,42,106.93,104.26,2.67,48.43,38.89,87.50,0.45,7.32,21.43,0.34,21.83,28.06,0.78,12.49,32.24,44.73,23.94,13.93,8.76,3.62,5.57,18.34,23.61
2013-14,1610612737,ATL,Atlanta Hawks,18,38,44,101.00,101.48,-0.48,48.37,37.33,81.56,0.46,9.37,25.80,0.36,16.98,21.73,0.78,8.70,31.28,39.98,24.89,15.26,8.29,3.98,4.32,19.23,20.04
2013-14,1610612752,NYK,New York Knicks,19,37,45,98.59,99.38,-0.79,48.43,36.91,82.18,0.45,9.26,24.85,0.37,15.50,20.37,0.76,10.61,29.72,40.33,20.01,12.96,7.70,4.48,3.38,22.13,19.65
2013-14,1610612743,DEN,Denver Nuggets,20,36,46,104.38,106.52,-2.15,48.18,38.38,85.88,0.45,8.56,23.89,0.36,19.06,26.27,0.73,12.30,33.13,45.44,22.41,15.91,7.50,5.60,5.60,23.05,21.68
2013-14,1610612740,NOP,New Orleans Pelicans,21,34,48,99.72,102.43,-2.71,48.43,37.82,82.45,0.46,5.93,15.89,0.37,18.16,23.61,0.77,11.38,30.32,41.70,21.28,13.77,7.89,6.38,6.15,22.65,20.29
2013-14,1610612739,CLE,Cleveland Cavaliers,22,33,49,98.22,101.51,-3.29,48.61,37.02,84.82,0.44,7.12,20.00,0.35,17.05,22.70,0.75,12.06,32.06,44.12,21.20,14.18,7.06,3.71,5.62,20.00,19.50
2013-14,1610612765,DET,Detroit Pistons,23,29,53,101.05,104.71,-3.66,48.24,38.80,86.88,0.45,6.18,19.27,0.31,17.26,25.74,0.67,14.59,30.79,45.38,20.90,14.55,8.38,4.82,4.91,20.32,20.72
2013-14,1610612758,SAC,Sacramento Kings,24,28,54,100.50,103.40,-2.90,48.37,36.90,82.51,0.45,5.99,17.99,0.33,20.71,27.28,0.76,12.07,32.39,44.46,18.87,15.23,7.16,3.88,5.60,22.55,23.13
2013-14,1610612747,LAL,Los Angeles Lakers,25,27,55,102.95,109.24,-6.29,48.06,38.28,85.12,0.45,9.44,24.78,0.38,16.95,22.38,0.76,9.09,31.95,41.04,24.46,15.11,7.45,5.44,4.72,19.84,19.27
2013-14,1610612738,BOS,Boston Celtics,26,25,57,96.24,100.71,-4.46,48.12,36.54,83.94,0.44,7.01,21.09,0.33,16.16,20.80,0.79,11.95,30.55,42.50,21.05,15.38,7.12,4.18,4.55,21.26,19.07
2013-14,1610612762,UTA,Utah Jazz,27,25,57,95.01,102.18,-7.17,48.24,35.99,81.12,0.44,6.62,19.23,0.34,16.41,21.99,0.75,11.02,30.21,41.23,20.29,14.63,6.95,4.46,4.89,20.72,20.40
2013-14,1610612753,ORL,Orlando Magic,28,23,59,96.51,101.95,-5.44,48.67,36.85,82.73,0.45,6.87,19.46,0.35,15.94,20.90,0.76,9.68,32.37,42.05,21.05,14.90,7.68,4.27,5.43,20.46,18.29
2013-14,1610612755,PHI,Philadelphia 76ers,29,19,63,99.45,109.90,-10.45,48.43,37.90,87.20,0.44,7.04,22.52,0.31,16.61,23.39,0.71,11.57,31.17,42.74,21.84,16.88,9.33,4.02,6.80,22.49,20.56
2013-14,1610612749,MIL,Milwaukee Bucks,30,15,67,95.48,103.66,-8.18,48.49,36.00,82.16,0.44,6.68,18.94,0.36,16.79,22.48,0.74,11.84,29.26,41.10,21.46,15.10,6.60,4.91,5.04,20.89,20.61
2014-15,1610612744,GSW,Golden State Warriors,1,67,15,109.95,99.85,10.10,48.12,41.59,87.04,0.48,10.77,27.04,0.40,16.01,20.84,0.77,10.40,34.32,44.72,27.41,14.45,9.29,6.05,3.57,19.85,18.79
2014-15,1610612737,ATL,Atlanta Hawks,2,60,22,102.55,97.12,5.43,48.12,38.06,81.70,0.47,9.98,26.24,0.38,16.45,21.16,0.78,8.72,31.84,40.56,25.74,14.23,9.07,4.63,4.93,17.77,19.65
2014-15,1610612746,LAC,Los Angeles Clippers,3,56,26,106.72,100.13,6.59,48.12,39.37,83.29,0.47,10.09,26.85,0.37,17.90,25.21,0.71,9.56,33.06,42.62,24.77,12.34,7.80,4.99,2.99,21.33,21.54
2014-15,1610612745,HOU,Houston Rockets,4,56,26,103.93,100.49,3.44,48.30,36.98,83.32,0.44,11.38,32.68,0.35,18.60,26.01,0.72,11.68,32.00,43.68,22.20,16.66,9.48,4.96,5.33,21.99,21.10
2014-15,1610612759,SAS,San Antonio Spurs,5,55,27,103.18,96.99,6.20,48.67,39.12,83.59,0.47,8.26,22.52,0.36,16.68,21.39,0.78,9.83,33.80,43.63,24.39,13.98,8.01,5.41,4.41,19.07,19.67
2014-15,1610612763,MEM,Memphis Grizzlies,6,55,27,98.32,95.07,3.24,48.55,37.77,82.48,0.46,5.16,15.20,0.34,17.62,22.79,0.78,10.44,32.12,42.56,21.67,13.34,8.54,4.23,5.17,19.11,20.27
2014-15,1610612739,CLE,Cleveland Cavaliers,7,53,29,103.13,98.66,4.48,48.24,37.67,82.18,0.46,10.07,27.48,0.36,17.72,23.59,0.75,11.11,31.85,42.96,22.12,14.28,7.35,4.15,4.49,18.41,20.55
2014-15,1610612757,POR,Portland Trail Blazers,8,51,31,102.79,98.56,4.23,48.43,38.72,85.96,0.45,9.84,27.21,0.36,15.51,19.38,0.80,10.72,35.13,45.85,21.94,13.62,6.40,4.54,3.62,18.22,18.71
2014-15,1610612742,DAL,Dallas Mavericks,9,50,32,105.22,102.32,2.90,48.49,39.70,85.80,0.46,8.93,25.39,0.35,16.90,22.48,0.76,10.46,31.80,42.27,22.51,12.95,8.09,4.52,3.83,20.05,22.15
2014-15,1610612741,CHI,Chicago Bulls,10,50,32,100.79,97.79,3.00,48.49,36.60,82.89,0.44,7.87,22.26,0.35,19.73,25.21,0.78,11.70,34.05,45.74,21.72,13.96,6.27,5.80,5.40,18.23,21.17
2014-15,1610612761,TOR,Toronto Raptors,11,49,33,103.99,100.91,3.07,48.43,37.90,83.28,0.46,8.85,25.12,0.35,19.33,24.56,0.79,10.74,30.80,41.55,20.74,12.89,7.50,4.35,5.04,20.88,20.34
2014-15,1610612764,WAS,Washington Wizards,12,46,36,98.54,97.82,0.72,48.67,38.28,82.80,0.46,6.06,16.84,0.36,15.91,21.44,0.74,10.51,34.16,44.67,24.01,15.04,7.33,4.61,4.27,20.82,19.63
2014-15,1610612760,OKC,Oklahoma City Thunder,13,45,37,103.95,101.77,2.18,48.37,38.83,86.82,0.45,7.71,22.73,0.34,18.59,24.63,0.74,12.83,34.68,47.51,20.50,14.70,7.29,5.54,4.60,22.30,20.43
2014-15,1610612740,NOP,New Orleans Pelicans,14,45,37,99.35,98.56,0.79,48.24,37.90,82.87,0.46,7.15,19.30,0.37,16.40,21.83,0.75,11.49,31.96,43.45,22.02,13.26,6.74,6.22,5.79,18.66,18.70
2014-15,1610612749,MIL,Milwaukee Bucks,15,41,41,97.84,97.41,0.43,48.61,37.60,81.98,0.46,6.65,18.29,0.36,16.00,21.15,0.75,10.68,31.39,42.07,23.56,16.74,9.62,4.91,4.78,22.12,20.11
2014-15,1610612738,BOS,Boston Celtics,16,40,42,101.37,101.21,0.16,48.49,38.94,87.94,0.44,8.05,24.65,0.33,15.44,20.46,0.76,11.10,32.74,43.84,24.50,13.82,8.22,3.59,5.26,21.20,18.84
2014-15,1610612756,PHX,Phoenix Suns,17,39,43,102.40,103.30,-0.90,48.49,38.76,85.83,0.45,8.51,24.98,0.34,16.38,21.55,0.76,10.93,32.23,43.16,20.23,15.10,8.54,4.70,4.11,21.27,20.29
2014-15,1610612751,BKN,Brooklyn Nets,18,38,44,98.02,100.90,-2.88,48.61,37.43,82.98,0.45,6.60,19.91,0.33,16.57,22.16,0.75,10.32,32.04,42.35,20.93,13.82,7.02,4.15,4.54,19.26,20.01
2014-15,1610612754,IND,Indiana Pacers,19,38,44,97.33,97.05,0.28,48.43,36.56,83.22,0.44,7.46,21.22,0.35,16.74,22.16,0.76,10.44,34.41,44.85,21.43,13.99,6.16,4.57,4.71,21.24,21.39
2014-15,1610612762,UTA,Utah Jazz,20,38,44,95.13,94.91,0.22,48.06,35.37,79.17,0.45,7.44,21.72,0.34,16.96,23.52,0.72,12.05,31.91,43.96,19.90,15.32,7.60,5.96,4.66,19.30,19.56
2014-15,1610612748,MIA,Miami Heat,21,37,45,94.68,97.28,-2.60,48.12,35.18,77.20,0.46,6.78,20.23,0.34,17.54,23.66,0.74,9.11,30.01,39.12,19.83,14.80,7.83,4.54,4.38,19.95,20.91
2014-15,1610612766,CHA,Charlotte Hornets,22,33,49,94.16,97.33,-3.17,48.55,35.52,84.54,0.42,6.07,19.10,0.31,17.04,22.77,0.75,10.00,34.06,44.06,20.17,11.90,6.09,5.46,5.37,18.22,20.83
2014-15,1610612765,DET,Detroit Pistons,23,32,50,98.50,99.50,-1.00,48.37,37.09,85.83,0.43,8.57,24.91,0.34,15.76,22.41,0.70,12.82,32.07,44.89,21.60,13.40,7.60,4.67,4.77,19.01,19.32
2014-15,1610612743,DEN,Denver Nuggets,24,30,52,101.46,105.01,-3.55,48.49,37.79,87.29,0.43,8.05,24.78,0.33,17.83,24.28,0.73,12.34,32.35,44.70,21.80,14.22,7.82,4.48,6.15,22.95,20.71
2014-15,1610612758,SAC,Sacramento Kings,25,29,53,101.34,105.05,-3.71,48.43,36.71,80.70,0.46,5.62,16.46,0.34,22.30,29.27,0.76,10.91,33.27,44.18,20.33,16.26,6.71,3.95,6.20,20.68,23.88
2014-15,1610612753,ORL,Orlando Magic,26,25,57,95.70,101.41,-5.72,48.18,37.51,82.83,0.45,6.76,19.49,0.35,13.91,19.09,0.74,10.02,31.79,41.82,20.63,14.89,7.89,3.83,5.38,20.90,17.89
2014-15,1610612747,LAL,Los Angeles Lakers,27,21,61,98.45,105.29,-6.84,48.61,37.24,85.61,0.44,6.49,18.85,0.34,17.48,23.60,0.74,11.61,32.28,43.89,20.91,13.24,7.05,4.46,4.83,21.23,19.38
2014-15,1610612755,PHI,Philadelphia 76ers,28,18,64,91.98,100.95,-8.98,48.30,33.72,82.65,0.41,8.44,26.34,0.31,16.10,23.82,0.68,11.93,30.93,42.85,20.52,17.72,9.62,5.94,5.54,21.68,20.21
2014-15,1610612752,NYK,New York Knicks,29,17,65,91.89,101.21,-9.32,48.43,35.15,82.02,0.43,6.83,19.68,0.35,14.77,19.21,0.77,10.57,29.79,40.37,21.29,14.71,7.01,4.66,4.30,21.56,19.07
2014-15,1610612750,MIN,Minnesota Timberwolves,30,16,66,97.76,106.55,-8.79,48.30,36.41,83.17,0.44,4.95,14.91,0.33,19.98,25.73,0.77,11.57,29.34,40.91,21.60,15.01,8.15,3.99,5.48,19.16,21.35
2015-16,1610612744,GSW,Golden State Warriors,1,73,9,114.89,104.13,10.76,48.49,42.55,87.30,0.49,13.13,31.61,0.41,16.66,21.83,0.77,9.95,36.24,46.20,28.94,15.18,8.40,6.07,4.10,20.74,19.84
2015-16,1610612759,SAS,San Antonio Spurs,2,67,15,103.54,92.90,10.63,48.06,40.11,82.89,0.48,6.95,18.51,0.38,16.37,20.39,0.81,9.39,34.52,43.91,24.51,13.06,8.26,5.91,3.87,17.48,19.48
2015-16,1610612739,CLE,Cleveland Cavaliers,3,57,25,104.33,98.33,6.00,48.43,38.67,84.00,0.46,10.73,29.61,0.36,16.26,21.74,0.75,10.65,33.87,44.51,22.70,13.59,6.72,3.87,4.41,20.32,20.61
2015-16,1610612761,TOR,Toronto Raptors,4,56,26,102.71,98.21,4.50,48.24,36.66,81.33,0.45,8.63,23.35,0.37,20.76,26.71,0.78,10.20,33.22,43.41,18.73,13.09,7.76,5.48,5.39,19.63,21.96
2015-16,1610612760,OKC,Oklahoma City Thunder,5,55,27,110.22,102.94,7.28,48.37,41.12,86.37,0.48,8.27,23.72,0.35,19.71,25.21,0.79,13.06,35.56,48.62,22.96,15.91,7.35,5.94,4.55,20.62,20.16
2015-16,1610612746,LAC,LA Clippers,6,53,29,104.50,100.22,4.28,48.37,38.30,82.43,0.47,9.72,26.71,0.37,18.17,26.24,0.71,8.79,33.26,42.05,22.84,12.96,8.65,5.61,3.16,21.29,22.46
2015-16,1610612738,BOS,Boston Celtics,7,48,34,105.72,102.51,3.21,48.24,39.22,89.24,0.44,8.74,26.12,0.34,18.54,23.52,0.79,11.59,33.33,44.91,24.16,13.74,9.17,4.24,5.49,21.90,20.95
2015-16,1610612766,CHA,Charlotte Hornets,8,48,34,103.40,100.68,2.72,48.43,37.02,84.41,0.44,10.65,29.39,0.36,18.71,23.67,0.80,8.95,34.99,43.94,21.68,12.55,7.26,5.34,5.46,18.13,20.37
2015-16,1610612737,ATL,Atlanta Hawks,9,48,34,102.84,99.23,3.61,48.37,38.63,84.43,0.46,9.94,28.37,0.35,15.63,19.98,0.78,8.28,33.80,42.09,25.61,14.95,9.11,5.93,5.01,19.15,18.29
2015-16,1610612748,MIA,Miami Heat,10,48,34,100.05,98.40,1.65,48.37,38.41,81.67,0.47,6.07,18.05,0.33,17.15,23.04,0.75,9.84,34.28,44.12,20.84,14.09,6.74,6.48,4.11,18.32,19.61
2015-16,1610612754,IND,Indiana Pacers,11,45,37,102.16,100.45,1.71,48.49,38.32,85.18,0.45,8.09,23.04,0.35,17.44,22.83,0.76,10.33,33.89,44.22,21.23,14.87,9.05,4.77,4.46,20.01,20.44
2015-16,1610612757,POR,Portland Trail Blazers,12,44,38,105.15,104.32,0.83,48.30,38.62,85.85,0.45,10.54,28.49,0.37,17.37,23.04,0.75,11.56,33.93,45.49,21.32,14.63,6.85,4.63,5.17,21.73,19.48
2015-16,1610612765,DET,Detroit Pistons,13,44,38,101.96,101.35,0.61,48.49,37.94,86.43,0.44,9.02,26.20,0.34,17.06,25.55,0.68,12.45,33.87,46.32,19.44,13.54,6.99,3.71,4.46,18.99,21.62
2015-16,1610612742,DAL,Dallas Mavericks,14,42,40,102.29,102.60,-0.30,48.79,37.37,84.15,0.44,9.83,28.56,0.34,17.73,22.33,0.79,9.16,33.91,43.07,22.11,12.77,6.83,3.73,4.43,19.45,21.43
2015-16,1610612741,CHI,Chicago Bulls,15,42,40,101.65,103.12,-1.48,48.55,38.60,87.44,0.44,7.94,21.38,0.37,16.51,20.98,0.78,11.06,35.23,46.29,22.80,13.91,6.04,5.73,5.67,18.84,18.72
2015-16,1610612763,MEM,Memphis Grizzlies,16,42,40,99.10,101.34,-2.24,48.37,36.82,83.65,0.44,6.15,18.55,0.33,19.32,24.68,0.78,11.17,30.45,41.62,20.70,13.29,8.83,4.27,5.72,21.74,21.12
2015-16,1610612745,HOU,Houston Rockets,17,41,41,106.55,106.35,0.20,48.37,37.73,83.50,0.45,10.71,30.89,0.35,20.38,29.35,0.70,11.34,31.72,43.06,22.21,15.94,10.01,5.24,4.93,21.83,22.52
2015-16,1610612764,WAS,Washington Wizards,18,41,41,104.07,104.57,-0.50,48.18,39.49,85.77,0.46,8.65,24.18,0.36,16.45,22.55,0.73,9.06,32.78,41.84,24.45,14.46,8.63,3.94,4.34,20.83,20.13
2015-16,1610612762,UTA,Utah Jazz,19,40,42,97.68,95.89,1.79,48.67,36.06,80.40,0.45,8.46,23.85,0.36,17.10,22.99,0.75,10.73,32.50,43.23,18.95,14.93,7.70,5.18,4.70,20.18,19.87
2015-16,1610612753,ORL,Orlando Magic,20,35,47,102.06,103.68,-1.62,48.55,39.54,86.83,0.46,7.76,22.17,0.35,15.23,20.11,0.76,10.28,33.04,43.32,23.57,14.09,8.21,5.09,5.46,20.74,18.26
2015-16,1610612758,SAC,Sacramento Kings,21,33,49,106.59,109.06,-2.48,48.30,40.04,86.38,0.46,8.05,22.43,0.36,18.46,25.48,0.72,10.59,33.66,44.24,24.50,16.17,8.94,4.49,5.33,20.44,21.95
2015-16,1610612743,DEN,Denver Nuggets,22,33,49,101.89,104.99,-3.10,48.37,37.72,85.40,0.44,8.00,23.70,0.34,18.45,24.07,0.77,11.48,33.15,44.62,22.66,14.66,7.43,4.82,6.30,21.01,20.88
2015-16,1610612749,MIL,Milwaukee Bucks,23,33,49,99.05,103.23,-4.18,48.37,38.35,82.20,0.47,5.37,15.57,0.34,16.98,22.72,0.75,10.46,31.21,41.67,23.11,15.21,8.20,5.79,5.63,20.67,19.51
2015-16,1610612752,NYK,New York Knicks,24,32,50,98.35,101.09,-2.73,48.30,36.85,83.98,0.44,7.44,21.49,0.34,17.21,21.38,0.81,10.37,34.00,44.37,20.51,13.40,5.70,5.68,4.18,19.71,18.54
2015-16,1610612740,NOP,New Orleans Pelicans,25,30,52,102.72,106.51,-3.79,48.24,38.45,85.85,0.45,8.56,23.79,0.36,17.26,22.23,0.78,9.54,33.07,42.61,22.17,13.44,7.72,4.17,5.16,20.89,19.88
2015-16,1610612750,MIN,Minnesota Timberwolves,26,29,53,102.41,105.95,-3.54,48.49,37.74,81.32,0.46,5.55,16.43,0.34,21.38,26.99,0.80,10.01,31.55,41.56,23.37,15.01,8.00,4.57,5.21,20.68,21.56
2015-16,1610612756,PHX,Phoenix Suns,27,23,59,100.87,107.52,-6.66,48.06,37.21,85.59,0.44,9.00,25.83,0.34,17.45,23.23,0.75,11.50,33.33,44.83,20.74,17.20,7.71,3.82,5.48,22.66,21.59
2015-16,1610612751,BKN,Brooklyn Nets,28,21,61,98.65,106.00,-7.35,48.18,38.24,84.39,0.45,6.48,18.39,0.35,15.68,20.72,0.75,10.52,31.88,42.40,22.30,14.78,7.65,4.05,5.24,18.00,18.41
2015-16,1610612747,LAL,Los Angeles Lakers,29,17,65,97.34,106.90,-9.56,48.12,35.12,84.83,0.42,7.79,24.59,0.32,19.30,24.73,0.78,10.71,32.26,42.96,18.02,13.71,7.23,4.11,5.59,20.27,19.18
2015-16,1610612755,PHI,Philadelphia 76ers,30,10,72,97.41,107.65,-10.23,48.30,36.22,83.99,0.43,9.32,27.50,0.34,15.66,22.56,0.70,9.48,31.77,41.24,21.52,16.38,8.29,6.04,5.68,21.71,19.16
2016-17,1610612744,GSW,Golden State Warriors,1,67,15,115.89,104.26,11.63,48.24,43.07,87.07,0.50,11.98,31.24,0.39,17.77,22.56,0.78,9.39,35.04,44.43,30.38,14.77,9.57,6.77,3.82,19.33,19.37
2016-17,1610612759,SAS,San Antonio Spurs,2,61,21,105.33,98.13,7.20,48.30,39.29,83.71,0.47,9.18,23.50,0.39,17.56,22.02,0.80,10.01,33.87,43.88,23.83,13.43,7.99,5.90,4.06,18.27,19.79
2016-17,1610612745,HOU,Houston Rockets,3,55,27,115.34,109.57,5.77,48.24,40.30,87.22,0.46,14.40,40.32,0.36,20.33,26.55,0.76,10.88,33.49,44.37,25.24,15.12,8.17,4.29,4.99,19.93,20.41
2016-17,1610612738,BOS,Boston Celtics,4,53,29,108.01,105.38,2.63,48.18,38.63,85.09,0.46,12.01,33.43,0.36,18.73,23.21,0.81,9.06,32.90,41.96,25.23,13.27,7.52,4.15,5.18,20.56,20.29
2016-17,1610612739,CLE,Cleveland Cavaliers,5,51,31,110.34,107.16,3.18,48.49,39.94,84.91,0.47,13.01,33.89,0.38,17.45,23.33,0.74,9.34,34.40,43.74,22.66,13.67,6.57,3.99,4.26,18.12,20.61
2016-17,1610612746,LAC,LA Clippers,6,51,31,108.67,104.38,4.29,48.18,39.54,83.17,0.48,10.26,27.38,0.37,19.34,25.95,0.75,9.00,34.02,43.02,22.54,12.95,7.46,4.23,3.15,19.83,22.38
2016-17,1610612761,TOR,Toronto Raptors,7,51,31,106.85,102.65,4.21,48.24,39.16,84.37,0.47,8.84,24.34,0.36,19.70,24.73,0.80,10.62,32.63,43.26,18.50,12.70,8.26,4.88,4.78,20.83,20.32
2016-17,1610612762,UTA,Utah Jazz,8,51,31,100.71,96.77,3.94,48.18,36.99,79.45,0.47,9.65,25.95,0.37,17.09,22.87,0.75,9.40,33.83,43.23,20.13,13.63,6.71,5.00,3.80,18.84,20.18
2016-17,1610612764,WAS,Washington Wizards,9,49,33,109.18,107.38,1.80,48.43,41.32,87.04,0.48,9.22,24.76,0.37,17.33,22.10,0.79,10.28,32.57,42.85,23.85,14.17,8.45,4.10,4.60,21.28,19.77
2016-17,1610612760,OKC,Oklahoma City Thunder,10,47,35,106.60,105.84,0.76,48.30,39.48,87.43,0.45,8.44,25.80,0.33,19.21,25.77,0.75,12.22,34.40,46.62,20.99,15.00,7.90,4.98,5.49,20.91,20.70
2016-17,1610612737,ATL,Atlanta Hawks,11,43,39,103.16,104.01,-0.85,48.49,38.09,84.37,0.45,8.89,26.06,0.34,18.10,24.87,0.73,10.27,34.06,44.33,23.63,15.78,8.20,4.84,5.17,18.18,21.56
2016-17,1610612763,MEM,Memphis Grizzlies,12,43,39,100.48,99.99,0.49,48.55,36.39,83.59,0.44,9.35,26.45,0.35,18.34,23.39,0.78,10.80,31.96,42.77,21.27,12.91,7.96,4.20,5.00,22.44,20.83
2016-17,1610612754,IND,Indiana Pacers,13,42,40,105.10,105.32,-0.22,48.43,39.28,84.52,0.47,8.65,22.99,0.37,17.89,22.09,0.81,9.05,32.95,42.00,22.49,13.78,8.16,4.99,4.96,19.48,19.50
2016-17,1610612749,MIL,Milwaukee Bucks,14,42,40,103.62,103.80,-0.18,48.24,38.80,81.89,0.48,8.78,23.73,0.37,17.23,22.43,0.77,8.82,31.57,40.39,24.20,13.96,8.12,5.32,4.57,20.24,19.26
2016-17,1610612757,POR,Portland Trail Blazers,15,41,41,107.94,108.46,-0.52,48.61,39.55,86.09,0.46,10.39,27.71,0.38,18.45,23.66,0.78,10.12,33.54,43.66,21.13,13.73,7.00,4.98,5.26,21.17,19.80
2016-17,1610612748,MIA,Miami Heat,16,41,41,103.17,102.11,1.06,48.24,39.05,85.82,0.46,9.85,26.99,0.36,15.22,21.56,0.71,10.63,32.99,43.62,21.24,13.44,7.17,5.72,4.85,20.49,18.66
2016-17,1610612741,CHI,Chicago Bulls,17,41,41,102.87,102.44,0.43,48.24,38.65,87.09,0.44,7.60,22.33,0.33,17.98,22.54,0.80,12.18,34.11,46.29,22.57,13.56,7.84,4.79,4.61,17.74,18.79
2016-17,1610612743,DEN,Denver Nuggets,18,40,42,111.72,111.21,0.51,48.18,41.18,87.73,0.47,10.61,28.84,0.37,18.74,24.22,0.77,11.78,34.60,46.38,25.33,14.95,6.93,3.94,4.93,19.11,20.16
2016-17,1610612765,DET,Detroit Pistons,19,37,45,101.33,102.45,-1.12,48.30,39.87,88.80,0.45,7.70,23.35,0.33,13.90,19.34,0.72,11.07,34.61,45.68,21.12,11.87,7.00,3.78,4.13,17.89,17.49
2016-17,1610612766,CHA,Charlotte Hornets,20,36,46,104.89,104.70,0.20,48.37,37.72,85.37,0.44,10.05,28.62,0.35,19.40,23.82,0.82,8.79,34.79,43.59,23.06,11.49,6.96,4.76,5.49,16.59,19.89
2016-17,1610612740,NOP,New Orleans Pelicans,21,34,48,104.34,106.44,-2.10,48.55,39.15,86.95,0.45,9.37,26.78,0.35,16.68,22.26,0.75,8.57,35.11,43.68,22.79,12.85,7.78,5.52,4.24,18.17,19.28
2016-17,1610612742,DAL,Dallas Mavericks,22,33,49,97.91,100.84,-2.93,48.24,36.20,82.32,0.44,10.71,30.16,0.36,14.82,18.49,0.80,7.89,30.68,38.57,20.79,11.85,7.49,3.74,3.41,19.11,19.40
2016-17,1610612758,SAC,Sacramento Kings,23,32,50,102.80,106.68,-3.88,48.49,37.87,82.12,0.46,8.99,23.90,0.38,18.09,23.33,0.77,8.72,32.34,41.06,22.49,14.65,7.65,3.95,5.12,20.33,20.07
2016-17,1610612750,MIN,Minnesota Timberwolves,24,31,51,105.57,106.68,-1.11,48.30,39.45,84.41,0.47,7.33,21.01,0.35,19.34,24.22,0.80,11.44,30.98,42.41,23.66,14.02,7.98,4.51,5.04,20.07,20.50
2016-17,1610612752,NYK,New York Knicks,25,31,51,104.34,108.01,-3.67,48.43,39.56,88.49,0.45,8.59,24.66,0.35,16.63,21.11,0.79,11.99,33.21,45.20,21.78,13.89,7.09,5.55,4.60,20.34,18.49
2016-17,1610612753,ORL,Orlando Magic,26,29,53,101.07,107.65,-6.57,48.30,38.28,86.99,0.44,8.55,26.09,0.33,15.96,21.38,0.75,9.84,33.34,43.18,22.20,13.30,7.07,4.83,5.11,19.32,18.68
2016-17,1610612755,PHI,Philadelphia 76ers,27,28,54,102.44,108.13,-5.70,48.37,37.66,85.27,0.44,10.13,29.79,0.34,16.99,22.02,0.77,9.84,33.00,42.84,23.77,16.66,8.44,5.12,5.44,21.87,19.63
2016-17,1610612747,LAL,Los Angeles Lakers,28,26,56,104.57,111.45,-6.88,48.06,39.32,87.37,0.45,8.90,25.73,0.34,17.04,22.60,0.76,11.38,32.15,43.52,20.93,15.16,8.22,3.90,5.37,20.71,18.54
2016-17,1610612756,PHX,Phoenix Suns,29,24,58,107.70,113.33,-5.63,48.37,39.88,88.54,0.45,7.50,22.61,0.33,20.44,26.33,0.78,11.90,33.07,44.98,19.56,15.43,8.21,4.87,5.30,24.76,22.22
2016-17,1610612751,BKN,Brooklyn Nets,30,20,62,105.77,112.50,-6.73,48.18,37.83,85.21,0.45,10.70,31.60,0.34,19.41,24.63,0.79,8.79,35.11,43.90,21.41,16.54,7.23,4.72,5.57,21.05,20.38
2017-18,1610612745,HOU,Houston Rockets,1,65,17,112.35,103.88,8.48,48.18,38.71,84.22,0.46,15.32,42.32,0.36,19.62,25.13,0.78,9.01,34.45,43.46,21.55,13.84,8.52,4.78,4.43,19.48,20.37
2017-18,1610612761,TOR,Toronto Raptors,2,59,23,111.66,103.88,7.78,48.37,41.26,87.43,0.47,11.80,32.99,0.36,17.34,21.83,0.79,9.76,34.23,43.99,24.33,13.35,7.63,6.10,4.89,21.74,19.91
2017-18,1610612744,GSW,Golden State Warriors,3,58,24,113.46,107.49,5.98,48.12,42.79,85.11,0.50,11.29,28.89,0.39,16.59,20.34,0.81,8.43,35.09,43.51,29.29,15.43,8.00,7.46,3.66,19.60,18.49
2017-18,1610612738,BOS,Boston Celtics,4,55,27,104.01,100.43,3.59,48.30,38.30,85.06,0.45,11.45,30.39,0.38,15.95,20.70,0.77,9.35,35.10,44.45,22.46,14.00,7.37,4.55,4.44,19.73,19.16
2017-18,1610612755,PHI,Philadelphia 76ers,5,52,30,109.80,105.30,4.50,48.24,40.84,86.56,0.47,10.99,29.82,0.37,17.13,22.78,0.76,10.89,36.54,47.43,27.09,16.50,8.32,5.12,5.09,22.09,20.37
2017-18,1610612739,CLE,Cleveland Cavaliers,6,50,32,110.87,109.93,0.94,48.12,40.38,84.76,0.48,11.96,32.15,0.37,18.15,23.28,0.78,8.46,33.67,42.13,23.37,13.73,7.10,3.80,4.15,18.59,20.68
2017-18,1610612757,POR,Portland Trail Blazers,7,49,33,105.62,103.02,2.60,48.18,39.29,86.98,0.45,10.30,28.15,0.37,16.73,20.91,0.81,10.18,35.28,45.46,19.50,13.52,6.99,5.16,5.10,19.50,19.07
2017-18,1610612740,NOP,New Orleans Pelicans,8,48,34,111.72,110.41,1.30,48.67,42.68,88.30,0.48,10.21,28.20,0.36,16.15,20.93,0.77,8.68,35.65,44.33,26.77,14.91,8.01,5.91,4.20,19.15,20.35
2017-18,1610612760,OKC,Oklahoma City Thunder,9,48,34,107.85,104.44,3.41,48.37,39.89,88.06,0.45,10.74,30.38,0.35,17.33,24.21,0.71,12.49,32.57,45.06,21.34,13.99,9.06,5.02,4.60,20.16,21.34
2017-18,1610612754,IND,Indiana Pacers,10,48,34,105.56,104.18,1.38,48.18,40.79,86.38,0.47,9.04,24.51,0.37,14.94,19.18,0.78,9.61,32.73,42.34,22.18,13.27,8.79,4.15,5.22,18.83,18.46
2017-18,1610612762,UTA,Utah Jazz,11,48,34,104.15,99.84,4.30,48.18,38.28,82.89,0.46,10.82,29.57,0.37,16.77,21.54,0.78,9.02,34.23,43.26,22.43,14.70,8.63,5.12,4.63,19.61,20.52
2017-18,1610612750,MIN,Minnesota Timberwolves,12,47,35,109.51,107.28,2.23,48.30,41.04,86.13,0.48,8.02,22.50,0.36,19.41,24.15,0.80,10.34,31.62,41.96,22.70,12.45,8.40,4.21,4.66,18.23,20.85
2017-18,1610612759,SAS,San Antonio Spurs,13,47,35,102.73,99.84,2.89,48.12,39.05,85.35,0.46,8.49,24.11,0.35,16.15,20.91,0.78,10.35,33.87,44.22,22.78,13.15,7.66,5.61,3.88,17.17,19.74
2017-18,1610612743,DEN,Denver Nuggets,14,46,36,110.00,108.52,1.48,48.49,40.71,86.61,0.47,11.46,30.93,0.37,17.12,22.32,0.77,11.00,33.51,44.51,25.11,14.95,7.65,4.93,4.77,18.70,20.72
2017-18,1610612749,MIL,Milwaukee Bucks,15,44,38,106.48,106.78,-0.30,48.37,39.72,83.01,0.48,8.76,24.68,0.36,18.28,23.35,0.78,8.39,31.45,39.84,23.23,13.84,8.80,5.40,4.46,21.37,19.91
2017-18,1610612748,MIA,Miami Heat,16,44,38,103.41,102.94,0.48,48.61,38.83,85.33,0.46,11.01,30.56,0.36,14.74,19.52,0.76,9.30,34.16,43.46,22.71,14.37,7.56,5.33,4.61,20.10,19.35
2017-18,1610612764,WAS,Washington Wizards,17,43,39,106.61,106.02,0.59,48.43,39.94,85.59,0.47,9.93,26.50,0.37,16.80,21.78,0.77,10.04,33.09,43.12,25.18,14.59,7.87,4.30,4.67,21.29,19.99
2017-18,1610612746,LAC,LA Clippers,18,42,40,108.99,108.95,0.04,48.06,40.27,85.41,0.47,9.48,26.78,0.35,18.98,25.55,0.74,10.15,33.73,43.88,22.34,14.68,7.66,4.54,5.63,19.98,21.99
2017-18,1610612765,DET,Detroit Pistons,19,39,43,103.77,103.91,-0.15,48.30,39.12,86.94,0.45,10.80,28.94,0.37,14.72,19.77,0.74,10.12,33.61,43.73,22.78,13.44,7.66,3.87,4.85,18.39,18.43
2017-18,1610612766,CHA,Charlotte Hornets,20,36,46,108.22,107.96,0.26,48.24,38.99,86.66,0.45,10.05,27.23,0.36,20.20,27.02,0.75,10.09,35.38,45.46,21.59,12.70,6.82,4.55,4.93,17.18,22.43
2017-18,1610612747,LAL,Los Angeles Lakers,21,35,47,108.07,109.62,-1.55,48.55,40.71,88.39,0.46,10.02,29.07,0.34,16.63,23.29,0.72,10.68,35.70,46.38,23.77,15.79,7.72,4.73,5.45,21.17,20.48
2017-18,1610612752,NYK,New York Knicks,22,29,53,104.46,108.02,-3.56,48.37,40.66,87.72,0.46,8.21,23.34,0.35,14.94,18.99,0.79,10.48,33.56,44.04,23.32,14.73,6.73,5.13,4.74,20.51,18.40
2017-18,1610612751,BKN,Brooklyn Nets,23,28,54,106.60,110.34,-3.74,48.43,38.24,86.76,0.44,12.70,35.66,0.36,17.41,22.56,0.78,9.66,34.78,44.44,23.67,15.18,6.24,4.76,5.49,20.59,19.70
2017-18,1610612741,CHI,Chicago Bulls,24,27,55,102.93,109.96,-7.04,48.43,38.66,88.84,0.44,11.05,31.09,0.35,14.56,19.20,0.76,9.63,35.02,44.66,23.45,13.99,7.63,3.52,5.16,19.16,17.38
2017-18,1610612758,SAC,Sacramento Kings,25,27,55,98.83,105.82,-6.99,48.18,38.77,86.13,0.45,9.00,23.99,0.38,12.29,16.72,0.74,9.46,31.44,40.90,21.56,13.72,7.84,4.15,4.74,19.99,17.34
2017-18,1610612753,ORL,Orlando Magic,26,25,57,103.40,108.22,-4.82,48.12,38.80,85.88,0.45,10.29,29.33,0.35,15.50,20.46,0.76,8.80,32.83,41.63,23.43,14.54,7.59,4.88,4.90,19.26,18.98
2017-18,1610612737,ATL,Atlanta Hawks,27,24,58,103.35,108.80,-5.45,48.06,38.17,85.55,0.45,11.18,31.02,0.36,15.83,20.17,0.79,9.06,32.84,41.90,23.73,15.54,7.78,4.24,5.52,19.59,20.26
2017-18,1610612742,DAL,Dallas Mavericks,28,24,58,102.32,105.35,-3.04,48.30,38.15,85.88,0.45,11.79,32.78,0.36,14.23,18.66,0.76,8.12,33.13,41.26,22.66,12.28,7.05,3.78,4.50,19.24,19.56
2017-18,1610612763,MEM,Memphis Grizzlies,29,22,60,99.33,105.54,-6.21,48.06,36.74,82.78,0.44,9.24,26.24,0.35,16.60,21.12,0.78,9.50,31.02,40.52,21.55,14.96,7.48,4.83,5.13,23.17,20.41
2017-18,1610612756,PHX,Phoenix Suns,30,21,61,103.93,113.29,-9.37,48.06,38.45,87.09,0.44,9.30,27.88,0.34,17.72,23.93,0.74,10.27,33.85,44.12,21.26,15.72,6.94,4.51,5.95,22.04,20.91
2018-19,1610612749,MIL,Milwaukee Bucks,1,60,22,118.12,109.26,8.87,48.24,43.35,91.11,0.48,13.48,38.22,0.35,17.94,23.22,0.77,9.29,40.44,49.73,26.05,13.87,7.50,5.93,4.82,19.61,20.16
2018-19,1610612761,TOR,Toronto Raptors,2,58,24,114.44,108.35,6.09,48.49,42.20,89.09,0.48,12.38,33.79,0.37,17.67,21.99,0.81,9.59,35.61,45.20,25.43,14.02,8.29,5.33,4.49,21.02,20.52
2018-19,1610612744,GSW,Golden State Warriors,3,57,25,117.68,111.22,6.46,48.30,44.05,89.77,0.49,13.26,34.44,0.38,16.33,20.39,0.80,9.72,36.46,46.18,29.43,14.26,7.62,6.40,3.60,21.43,19.52
2018-19,1610612743,DEN,Denver Nuggets,4,54,28,110.67,106.72,3.95,48.12,41.94,90.05,0.47,11.01,31.35,0.35,15.78,20.90,0.76,11.85,34.54,46.39,27.38,13.44,7.73,4.43,4.96,20.05,20.43
2018-19,1610612757,POR,Portland Trail Blazers,5,53,29,114.66,110.46,4.20,48.43,42.32,90.57,0.47,11.02,30.73,0.36,19.00,23.34,0.81,11.79,36.20,47.99,23.01,13.84,6.66,5.04,5.12,20.35,20.72
2018-19,1610612745,HOU,Houston Rockets,6,53,29,113.91,109.15,4.77,48.37,39.24,87.35,0.45,16.13,45.38,0.35,19.29,24.40,0.79,10.20,31.87,42.06,21.23,13.34,8.54,4.94,4.50,21.99,20.00
2018-19,1610612755,PHI,Philadelphia 76ers,7,51,31,115.18,112.49,2.70,48.30,41.55,88.21,0.47,10.84,30.17,0.36,21.24,27.54,0.77,10.88,36.89,47.77,26.91,14.91,7.39,5.27,4.10,21.28,22.15
2018-19,1610612762,UTA,Utah Jazz,8,50,32,111.72,106.46,5.26,48.18,40.41,86.37,0.47,12.11,34.01,0.35,18.78,25.51,0.74,10.00,36.35,46.35,26.01,15.12,8.09,5.89,4.59,21.07,22.38
2018-19,1610612760,OKC,Oklahoma City Thunder,9,49,33,114.48,111.07,3.40,48.43,42.65,93.98,0.45,11.37,32.65,0.35,17.82,24.99,0.71,12.57,35.50,48.07,23.38,13.96,9.34,5.18,5.06,22.43,22.49
2018-19,1610612738,BOS,Boston Celtics,10,49,33,112.39,107.95,4.44,48.24,42.09,90.52,0.47,12.59,34.50,0.36,15.63,19.49,0.81,9.80,34.74,44.55,26.28,12.83,8.61,5.30,3.87,20.37,19.54
2018-19,1610612746,LAC,LA Clippers,11,48,34,115.15,114.29,0.85,48.37,41.27,87.54,0.47,10.01,25.83,0.39,22.60,28.54,0.79,9.71,35.80,45.51,24.02,14.55,6.84,4.70,6.07,23.33,24.01
2018-19,1610612759,SAS,San Antonio Spurs,12,48,34,111.66,109.98,1.68,48.30,42.29,88.39,0.48,9.90,25.26,0.40,17.17,20.98,0.82,9.23,35.49,44.72,24.55,12.10,6.11,4.71,4.05,18.13,19.65
2018-19,1610612754,IND,Indiana Pacers,13,48,34,108.01,104.68,3.33,48.06,41.34,87.01,0.48,9.50,25.38,0.37,15.83,21.06,0.75,9.29,33.73,43.02,25.95,13.68,8.70,4.93,5.18,19.44,20.02
2018-19,1610612751,BKN,Brooklyn Nets,14,42,40,112.24,112.32,-0.07,48.73,40.26,89.73,0.45,12.77,36.16,0.35,18.96,25.46,0.75,10.98,35.60,46.57,23.83,15.07,6.57,4.13,5.27,21.50,22.04
2018-19,1610612753,ORL,Orlando Magic,15,42,40,107.32,106.61,0.71,48.24,40.44,89.11,0.45,11.43,32.11,0.36,15.01,19.21,0.78,10.02,35.39,45.41,25.55,13.20,6.62,5.43,4.41,18.61,18.74
2018-19,1610612765,DET,Detroit Pistons,16,41,41,107.05,107.29,-0.24,48.43,38.84,88.27,0.44,12.11,34.80,0.35,17.26,23.09,0.75,11.41,33.56,44.98,22.50,13.84,6.94,4.04,5.11,22.09,21.32
2018-19,1610612758,SAC,Sacramento Kings,17,39,43,114.18,115.30,-1.12,48.12,43.18,93.13,0.46,11.30,29.94,0.38,16.51,22.74,0.72,11.05,34.38,45.43,25.40,13.35,8.28,4.43,5.12,21.35,21.38
2018-19,1610612766,CHA,Charlotte Hornets,18,39,43,110.74,111.84,-1.10,48.37,40.21,89.78,0.45,11.91,33.94,0.35,18.41,23.11,0.79,9.93,33.88,43.80,23.23,12.21,7.21,4.94,6.00,18.90,20.56
2018-19,1610612748,MIA,Miami Heat,19,39,43,105.71,105.94,-0.23,48.12,39.65,88.02,0.45,11.32,32.41,0.35,15.10,21.73,0.69,11.23,35.11,46.34,24.28,14.73,7.65,5.46,4.74,20.88,20.15
2018-19,1610612747,LAL,Los Angeles Lakers,20,37,45,111.77,113.49,-1.72,48.24,42.57,90.55,0.47,10.33,30.99,0.33,16.29,23.29,0.70,10.18,36.40,46.59,25.56,15.66,7.54,5.37,5.13,20.74,20.80
2018-19,1610612750,MIN,Minnesota Timberwolves,21,36,46,112.48,113.98,-1.50,48.37,41.62,91.26,0.46,10.09,28.74,0.36,19.15,24.33,0.79,11.26,33.54,44.79,24.61,13.10,8.33,5.01,5.55,20.29,21.89
2018-19,1610612740,NOP,New Orleans Pelicans,22,33,49,115.44,116.77,-1.33,48.18,43.67,92.23,0.47,10.27,29.87,0.34,17.83,23.43,0.76,11.09,36.21,47.29,27.02,14.82,7.44,5.38,5.43,21.12,21.00
2018-19,1610612742,DAL,Dallas Mavericks,23,33,49,108.87,110.15,-1.28,48.24,38.80,86.85,0.45,12.46,36.61,0.34,18.79,25.32,0.74,10.15,35.17,45.32,23.39,14.23,6.50,4.28,4.49,20.12,23.23
2018-19,1610612763,MEM,Memphis Grizzlies,24,33,49,103.54,106.13,-2.60,48.49,37.96,84.44,0.45,9.89,28.88,0.34,17.72,22.95,0.78,8.82,32.96,41.78,23.94,13.99,8.34,5.46,4.90,21.96,21.44
2018-19,1610612764,WAS,Washington Wizards,25,32,50,114.02,116.93,-2.90,48.61,42.15,90.09,0.47,11.34,33.30,0.34,18.39,23.94,0.77,9.68,32.67,42.35,26.27,14.07,8.33,4.62,4.61,20.74,21.23
2018-19,1610612737,ATL,Atlanta Hawks,26,29,53,113.34,119.37,-6.02,48.43,41.37,91.76,0.45,13.01,37.00,0.35,17.60,23.39,0.75,11.65,34.45,46.10,25.83,17.04,8.23,5.11,5.46,23.56,22.16
2018-19,1610612741,CHI,Chicago Bulls,27,22,60,104.94,113.35,-8.41,48.55,39.83,87.87,0.45,9.09,25.89,0.35,16.20,20.67,0.79,8.76,34.13,42.89,21.90,14.13,7.35,4.28,5.77,20.28,18.71
2018-19,1610612756,PHX,Phoenix Suns,28,19,63,107.50,116.84,-9.34,48.49,40.11,87.37,0.46,9.63,29.27,0.33,17.65,22.66,0.78,9.12,31.26,40.38,23.87,15.60,8.96,5.10,5.01,23.56,20.66
2018-19,1610612739,CLE,Cleveland Cavaliers,29,19,63,104.48,114.09,-9.61,48.18,38.89,87.61,0.44,10.33,29.12,0.35,16.37,20.66,0.79,10.72,31.94,42.66,20.71,13.49,6.51,2.38,5.60,20.02,19.41
2018-19,1610612752,NYK,New York Knicks,30,17,65,104.57,113.78,-9.21,48.24,38.22,88.30,0.43,10.04,29.52,0.34,18.10,23.85,0.76,10.45,34.28,44.73,20.07,14.04,6.79,5.15,5.59,20.89,20.83
2019-20,1610612749,MIL,Milwaukee Bucks,1,56,17,118.67,108.59,10.08,48.21,43.29,90.93,0.48,13.79,38.90,0.36,18.30,24.66,0.74,9.47,42.23,51.70,25.88,15.10,7.21,5.88,4.47,19.60,21.73
2019-20,1610612761,TOR,Toronto Raptors,2,53,19,112.75,106.51,6.24,48.28,40.24,87.93,0.46,13.82,36.99,0.38,18.46,23.19,0.80,9.51,35.88,45.39,25.22,14.82,8.83,4.97,5.49,21.65,20.36
2019-20,1610612747,LAL,Los Angeles Lakers,3,52,19,113.44,107.65,5.79,48.14,42.34,88.30,0.48,11.01,31.58,0.35,17.75,24.34,0.73,10.66,35.07,45.73,25.39,15.17,8.62,6.59,3.70,20.72,21.75
2019-20,1610612746,LAC,LA Clippers,4,49,23,116.35,109.90,6.44,48.28,41.56,89.24,0.47,12.43,33.47,0.37,20.81,26.31,0.79,10.65,37.00,47.65,23.72,14.60,7.10,4.69,4.69,22.14,22.88
2019-20,1610612738,BOS,Boston Celtics,5,48,24,113.65,107.35,6.31,48.42,41.26,89.56,0.46,12.57,34.54,0.37,18.56,23.17,0.80,10.67,35.40,46.07,22.99,13.82,8.26,5.64,5.50,21.57,20.65
2019-20,1610612743,DEN,Denver Nuggets,6,46,27,111.29,109.18,2.11,48.62,42.04,88.88,0.47,10.97,30.60,0.35,16.23,20.90,0.77,10.77,33.37,44.14,26.74,13.77,8.03,4.62,4.44,20.34,20.47
2019-20,1610612754,IND,Indiana Pacers,7,45,28,109.44,107.48,1.96,48.27,42.12,88.45,0.48,10.18,28.03,0.36,15.01,19.08,0.78,8.71,34.10,42.81,25.86,13.25,7.44,5.15,4.59,19.79,18.81
2019-20,1610612745,HOU,Houston Rockets,8,44,28,117.81,114.85,2.96,48.28,40.78,90.44,0.45,15.64,45.29,0.35,20.61,26.06,0.79,9.78,34.50,44.28,21.62,14.68,8.71,5.15,4.92,21.75,21.04
2019-20,1610612748,MIA,Miami Heat,9,44,29,112.04,109.10,2.95,48.62,39.45,84.38,0.47,13.41,35.40,0.38,19.73,25.21,0.78,8.49,35.88,44.37,25.92,14.90,7.49,4.55,4.14,20.56,21.70
2019-20,1610612762,UTA,Utah Jazz,10,44,28,111.29,108.82,2.47,48.21,40.08,85.14,0.47,13.38,35.24,0.38,17.75,22.79,0.78,9.11,35.79,44.90,22.43,15.12,6.08,4.06,4.57,20.39,20.85
2019-20,1610612760,OKC,Oklahoma City Thunder,11,44,28,110.42,108.43,1.99,48.42,39.99,85.50,0.47,10.69,30.15,0.35,19.75,24.82,0.80,8.24,34.65,42.89,21.69,13.69,7.64,4.90,4.03,19.31,22.79
2019-20,1610612742,DAL,Dallas Mavericks,12,43,32,117.01,112.07,4.95,48.47,41.65,90.29,0.46,15.15,41.27,0.37,18.56,23.83,0.78,10.55,36.39,46.93,24.65,12.71,6.13,4.84,4.15,19.49,21.35
2019-20,1610612755,PHI,Philadelphia 76ers,13,43,30,110.74,108.36,2.38,48.21,41.10,87.90,0.47,11.62,31.60,0.37,16.93,22.44,0.75,10.47,34.97,45.44,25.81,14.21,8.03,5.33,4.03,20.95,20.45
2019-20,1610612757,POR,Portland Trail Blazers,14,35,39,114.97,116.12,-1.15,48.20,42.19,91.20,0.46,12.86,34.12,0.37,17.73,22.05,0.80,10.19,35.12,45.31,20.61,12.78,6.28,6.09,4.92,21.70,20.11
2019-20,1610612751,BKN,Brooklyn Nets,15,35,37,111.78,112.35,-0.57,48.56,40.39,90.25,0.45,13.07,38.14,0.35,17.93,24.06,0.75,10.64,37.26,47.90,24.46,15.26,6.44,4.49,5.26,20.97,21.12
2019-20,1610612756,PHX,Phoenix Suns,16,34,39,113.62,113.40,0.22,48.21,41.18,88.07,0.47,11.38,31.78,0.36,19.88,23.84,0.83,9.75,33.77,43.52,27.22,14.75,7.66,3.97,5.49,22.04,22.64
2019-20,1610612763,MEM,Memphis Grizzlies,17,34,39,112.63,113.70,-1.07,48.14,42.55,90.88,0.47,10.93,31.47,0.35,16.60,21.77,0.76,10.33,36.21,46.53,26.92,15.25,7.89,5.45,5.29,21.18,20.19
2019-20,1610612753,ORL,Orlando Magic,18,33,40,107.27,108.29,-1.01,48.14,39.33,88.60,0.44,11.05,32.25,0.34,17.56,22.68,0.77,10.29,34.22,44.51,23.93,12.84,8.21,5.42,4.63,18.30,19.45
2019-20,1610612759,SAS,San Antonio Spurs,19,32,39,114.06,115.17,-1.11,48.49,42.18,89.44,0.47,10.70,28.46,0.37,18.99,23.44,0.81,9.01,35.63,44.65,24.66,12.61,7.30,5.49,4.34,19.39,20.06
2019-20,1610612758,SAC,Sacramento Kings,20,31,41,110.10,112.14,-2.04,48.49,40.88,88.39,0.46,12.69,34.88,0.36,15.65,20.33,0.77,9.65,32.94,42.60,23.79,14.49,7.72,4.07,4.22,22.15,19.50
2019-20,1610612740,NOP,New Orleans Pelicans,21,30,42,115.85,117.14,-1.29,48.42,42.57,91.64,0.47,13.64,36.89,0.37,17.07,23.43,0.73,11.07,35.43,46.50,26.83,16.40,7.49,4.97,4.83,21.17,21.10
2019-20,1610612764,WAS,Washington Wizards,22,25,47,114.42,119.08,-4.67,48.21,41.53,90.89,0.46,12.00,32.57,0.37,19.36,24.58,0.78,10.17,31.88,42.04,25.01,14.17,7.97,4.29,5.04,22.69,22.24
2019-20,1610612766,CHA,Charlotte Hornets,23,23,42,102.88,109.63,-6.75,48.46,37.31,85.94,0.44,12.08,34.32,0.35,16.18,21.63,0.75,11.00,31.78,42.78,23.83,14.60,6.58,4.12,5.05,18.82,20.57
2019-20,1610612741,CHI,Chicago Bulls,24,22,43,106.85,109.92,-3.08,48.23,39.58,88.65,0.45,12.20,35.11,0.35,15.48,20.49,0.75,10.46,31.40,41.86,23.23,15.46,10.03,4.08,5.91,21.80,19.17
2019-20,1610612752,NYK,New York Knicks,25,21,45,105.80,112.26,-6.45,48.38,39.97,89.33,0.45,9.56,28.36,0.34,16.30,23.48,0.70,12.05,34.45,46.50,22.06,14.33,7.64,4.74,5.05,22.18,19.77
2019-20,1610612737,ATL,Atlanta Hawks,26,20,47,111.76,119.73,-7.97,48.60,40.64,90.55,0.45,12.01,36.06,0.33,18.46,23.37,0.79,9.87,33.39,43.25,23.96,16.21,7.81,5.09,6.39,23.10,20.96
2019-20,1610612765,DET,Detroit Pistons,27,20,46,107.24,110.80,-3.56,48.38,39.32,85.73,0.46,11.98,32.68,0.37,16.62,22.36,0.74,9.76,31.95,41.71,24.08,15.27,7.42,4.53,5.59,19.68,19.82
2019-20,1610612750,MIN,Minnesota Timberwolves,28,19,45,113.25,117.55,-4.30,48.62,40.41,91.64,0.44,13.33,39.69,0.34,19.11,25.38,0.75,10.55,34.27,44.81,23.83,15.33,8.67,5.66,5.55,21.41,21.61
2019-20,1610612739,CLE,Cleveland Cavaliers,29,19,46,106.89,114.78,-7.89,48.38,40.29,87.92,0.46,11.18,31.85,0.35,15.12,19.94,0.76,10.83,33.42,44.25,23.08,16.51,6.88,3.25,6.34,18.28,19.65
2019-20,1610612744,GSW,Golden State Warriors,30,15,50,106.34,115.05,-8.71,48.38,38.62,88.15,0.44,10.43,31.26,0.33,18.68,23.25,0.80,9.95,32.89,42.85,25.58,14.91,8.22,4.60,4.94,20.06,20.12
2020-21,1610612762,UTA,Utah Jazz,1,52,20,116.42,107.17,9.25,48.21,41.26,88.11,0.47,16.74,43.03,0.39,17.15,21.47,0.79,10.62,37.62,48.25,23.65,14.21,6.58,5.15,3.92,18.54,18.96
2020-21,1610612756,PHX,Phoenix Suns,2,51,21,115.28,109.46,5.82,48.56,43.31,88.29,0.49,13.06,34.58,0.38,15.61,18.71,0.84,8.75,34.19,42.94,26.93,12.53,7.18,4.33,3.58,19.08,17.97
2020-21,1610612755,PHI,Philadelphia 76ers,3,49,23,113.64,108.06,5.58,48.42,41.40,86.90,0.48,11.26,30.12,0.38,19.57,25.50,0.77,10.03,35.03,45.06,23.69,14.44,9.10,6.21,4.65,20.22,20.96
2020-21,1610612751,BKN,Brooklyn Nets,4,48,24,118.57,114.07,4.50,48.35,43.14,87.35,0.50,14.17,36.11,0.39,18.12,22.54,0.80,8.89,35.54,44.43,26.79,13.54,6.72,5.26,4.58,19.04,18.90
2020-21,1610612743,DEN,Denver Nuggets,5,47,25,115.06,110.12,4.93,48.56,43.25,89.19,0.49,12.88,34.19,0.38,15.68,19.53,0.81,10.53,33.92,44.44,26.85,13.50,8.08,4.49,4.51,19.08,19.15
2020-21,1610612746,LAC,LA Clippers,6,47,25,114.01,107.83,6.18,48.00,41.79,86.69,0.48,14.26,34.69,0.41,16.17,19.26,0.84,9.42,34.74,44.15,24.39,13.18,7.07,4.10,4.22,19.21,18.10
2020-21,1610612749,MIL,Milwaukee Bucks,7,46,26,120.12,114.24,5.89,48.14,44.74,91.81,0.49,14.42,37.07,0.39,16.24,21.38,0.76,10.29,37.83,48.12,25.47,13.82,8.12,4.64,4.83,17.28,18.33
2020-21,1610612757,POR,Portland Trail Blazers,8,42,30,116.11,114.32,1.79,48.07,41.29,91.08,0.45,15.72,40.82,0.39,17.81,21.64,0.82,10.64,33.90,44.54,21.26,11.10,6.89,5.04,4.62,18.92,19.08
2020-21,1610612742,DAL,Dallas Mavericks,9,42,30,112.44,110.18,2.26,48.07,41.08,87.32,0.47,13.81,38.11,0.36,16.47,21.17,0.78,9.12,34.21,43.33,22.88,12.07,6.25,4.32,3.67,19.39,20.08
2020-21,1610612747,LAL,Los Angeles Lakers,10,42,30,109.54,106.75,2.79,48.49,40.62,86.07,0.47,11.06,31.22,0.35,17.24,23.32,0.74,9.65,34.58,44.24,24.65,15.21,7.81,5.36,4.54,19.12,21.25
2020-21,1610612737,ATL,Atlanta Hawks,11,41,31,113.69,111.38,2.32,48.35,40.79,87.24,0.47,12.43,33.36,0.37,19.68,24.24,0.81,10.56,35.07,45.62,24.12,13.24,6.99,4.75,5.04,19.33,19.75
2020-21,1610612752,NYK,New York Knicks,12,41,31,107.03,104.72,2.31,48.42,39.43,86.46,0.46,11.76,30.04,0.39,16.40,20.92,0.79,9.67,35.47,45.14,21.40,12.94,7.04,5.07,5.43,20.46,17.86
2020-21,1610612748,MIA,Miami Heat,13,40,32,108.07,108.04,0.03,48.28,39.22,83.74,0.47,12.94,36.19,0.36,16.68,21.11,0.79,8.04,33.46,41.50,26.32,14.07,7.90,3.97,3.99,18.93,19.64
2020-21,1610612744,GSW,Golden State Warriors,14,39,33,113.71,112.65,1.06,48.07,41.29,88.15,0.47,14.56,38.74,0.37,16.57,21.11,0.78,7.97,35.06,43.03,27.65,15.00,8.15,4.75,4.33,21.19,19.53
2020-21,1610612763,MEM,Memphis Grizzlies,15,38,34,113.29,112.26,1.03,48.35,42.85,91.78,0.47,11.15,31.36,0.35,16.44,21.33,0.78,11.15,35.32,46.47,26.92,13.29,9.10,5.06,5.24,18.74,18.31
2020-21,1610612738,BOS,Boston Celtics,16,36,36,112.62,111.17,1.46,48.28,41.46,88.90,0.47,13.60,36.36,0.38,16.11,20.78,0.78,10.62,33.62,44.25,23.46,14.06,7.72,5.32,4.64,20.43,19.29
2020-21,1610612764,WAS,Washington Wizards,17,34,38,116.64,118.47,-1.83,48.35,43.17,90.93,0.47,10.18,29.00,0.35,20.12,26.17,0.77,9.68,35.51,45.19,25.49,14.39,7.33,4.12,4.83,21.60,22.03
2020-21,1610612754,IND,Indiana Pacers,18,34,38,115.31,115.35,-0.04,48.49,43.26,91.21,0.48,12.35,33.96,0.36,16.43,20.74,0.79,9.00,33.67,42.67,27.40,13.54,8.49,6.39,5.28,20.18,18.14
2020-21,1610612759,SAS,San Antonio Spurs,19,33,39,111.08,112.82,-1.74,48.56,41.86,90.53,0.46,9.94,28.42,0.35,17.42,22.00,0.79,9.29,34.57,43.86,24.43,11.40,7.01,5.08,5.12,17.96,18.58
2020-21,1610612766,CHA,Charlotte Hornets,20,33,39,109.46,111.39,-1.93,48.21,39.93,87.83,0.46,13.68,37.03,0.37,15.92,20.90,0.75,10.58,33.18,43.76,26.85,14.85,7.85,4.78,4.82,18.03,18.61
2020-21,1610612740,NOP,New Orleans Pelicans,21,31,41,114.60,114.89,-0.29,48.42,42.50,89.06,0.48,10.58,30.42,0.35,19.01,26.08,0.73,11.74,35.67,47.40,26.00,14.61,7.57,4.38,5.92,17.99,21.31
2020-21,1610612758,SAC,Sacramento Kings,22,31,41,113.74,117.42,-3.68,48.07,42.60,88.64,0.48,12.14,33.33,0.36,16.40,22.01,0.74,9.36,32.04,41.40,25.50,13.38,7.54,4.97,4.67,19.44,18.72
2020-21,1610612741,CHI,Chicago Bulls,23,31,41,110.68,111.57,-0.89,48.28,42.15,88.61,0.48,12.56,33.97,0.37,13.82,17.47,0.79,9.62,35.33,44.96,26.76,15.12,6.69,4.22,5.06,18.92,17.74
2020-21,1610612761,TOR,Toronto Raptors,24,27,45,111.26,111.74,-0.47,48.07,39.71,88.65,0.45,14.46,39.32,0.37,17.39,21.33,0.81,9.44,32.14,41.58,24.10,13.22,8.58,5.39,5.58,21.19,19.51
2020-21,1610612750,MIN,Minnesota Timberwolves,25,23,49,112.12,117.68,-5.56,48.35,40.72,90.92,0.45,13.11,37.58,0.35,17.57,23.08,0.76,10.51,33.00,43.51,25.64,14.26,8.78,5.53,5.53,20.93,19.89
2020-21,1610612760,OKC,Oklahoma City Thunder,26,22,50,105.00,115.64,-10.64,48.21,38.82,88.03,0.44,11.90,35.12,0.34,15.46,21.33,0.72,9.93,35.67,45.60,22.06,16.14,7.00,4.39,5.25,18.12,18.56
2020-21,1610612739,CLE,Cleveland Cavaliers,27,22,50,103.83,112.28,-8.44,48.42,38.58,85.76,0.45,10.00,29.74,0.34,16.67,22.42,0.74,10.43,32.32,42.75,23.83,15.47,7.76,4.51,5.90,18.17,20.15
2020-21,1610612753,ORL,Orlando Magic,28,21,51,104.00,113.31,-9.31,48.14,38.25,89.21,0.43,10.89,31.78,0.34,16.61,21.43,0.78,10.38,35.07,45.44,21.82,12.83,6.89,4.42,5.35,17.18,18.64
2020-21,1610612765,DET,Detroit Pistons,29,20,52,106.61,111.08,-4.47,48.42,38.65,85.58,0.45,11.56,32.92,0.35,17.75,23.38,0.76,9.64,33.07,42.71,24.21,14.93,7.38,5.15,5.82,20.51,20.40
2020-21,1610612745,HOU,Houston Rockets,30,17,55,108.79,116.69,-7.90,48.07,39.25,88.50,0.44,13.78,40.60,0.34,16.51,22.31,0.74,9.32,33.28,42.60,23.60,14.72,7.58,5.01,5.25,19.54,19.28
2021-22,1610612756,PHX,Phoenix Suns,1,64,18,114.83,107.33,7.50,48.12,43.67,90.11,0.49,11.60,31.90,0.36,15.89,19.94,0.80,9.77,35.52,45.29,27.37,12.93,8.56,4.38,3.99,19.91,18.94
2021-22,1610612763,MEM,Memphis Grizzlies,2,56,26,115.61,109.93,5.68,48.24,43.55,94.38,0.46,11.52,32.67,0.35,16.99,23.15,0.74,14.13,35.04,49.17,25.99,13.20,9.76,6.50,6.05,19.76,19.82
2021-22,1610612744,GSW,Golden State Warriors,3,53,29,111.00,105.46,5.54,48.12,40.52,86.43,0.47,14.34,39.40,0.36,15.61,20.30,0.77,9.76,35.73,45.49,27.11,14.89,8.77,4.54,3.87,21.01,17.98
2021-22,1610612748,MIA,Miami Heat,4,53,29,110.02,105.57,4.45,48.43,39.59,84.80,0.47,13.59,35.80,0.38,17.27,21.38,0.81,9.84,33.88,43.72,25.49,14.56,7.39,3.23,4.02,20.48,20.56
2021-22,1610612742,DAL,Dallas Mavericks,5,52,30,108.02,104.72,3.30,48.18,39.29,85.15,0.46,13.09,37.35,0.35,16.35,21.21,0.78,9.26,33.77,43.02,23.39,12.50,6.73,3.96,3.66,19.66,20.06
2021-22,1610612749,MIL,Milwaukee Bucks,6,51,31,115.49,112.13,3.35,48.18,41.82,89.40,0.47,14.06,38.43,0.37,17.79,22.94,0.77,10.24,36.46,46.71,23.90,13.41,7.60,3.98,4.35,18.22,19.66
2021-22,1610612738,BOS,Boston Celtics,7,51,31,111.76,104.48,7.28,48.55,40.74,87.40,0.47,13.23,37.12,0.35,17.04,20.89,0.82,10.52,35.55,46.07,24.83,13.63,7.21,5.83,4.59,18.55,19.41
2021-22,1610612755,PHI,Philadelphia 76ers,8,51,31,109.94,107.33,2.61,48.30,39.39,84.54,0.47,11.59,31.80,0.36,19.57,23.84,0.82,8.54,33.78,42.32,23.72,12.52,7.72,5.30,4.62,19.39,19.44
2021-22,1610612762,UTA,Utah Jazz,9,49,33,113.61,107.57,6.04,48.12,40.57,86.18,0.47,14.54,40.34,0.36,17.93,23.37,0.77,10.78,35.56,46.34,22.39,14.00,7.17,4.90,4.29,18.87,20.29
2021-22,1610612743,DEN,Denver Nuggets,10,48,34,112.72,110.41,2.30,48.30,41.66,86.33,0.48,12.67,35.90,0.35,16.73,21.04,0.80,9.17,34.94,44.11,27.79,14.50,7.22,3.72,4.78,19.99,19.90
2021-22,1610612761,TOR,Toronto Raptors,11,48,34,109.39,107.10,2.29,48.43,40.63,91.33,0.45,11.94,34.24,0.35,16.18,21.33,0.76,13.35,31.98,45.33,22.06,12.45,9.00,4.59,5.07,19.60,19.06
2021-22,1610612750,MIN,Minnesota Timberwolves,12,46,36,115.94,113.30,2.63,48.24,41.60,90.95,0.46,14.77,41.29,0.36,17.98,23.10,0.78,11.23,32.93,44.16,25.68,14.33,8.79,5.61,4.84,21.78,20.91
2021-22,1610612741,CHI,Chicago Bulls,13,46,36,111.61,112.00,-0.39,48.12,41.73,86.91,0.48,10.63,28.83,0.37,17.51,21.54,0.81,8.67,33.66,42.33,23.88,12.84,7.13,4.10,5.00,18.78,18.16
2021-22,1610612751,BKN,Brooklyn Nets,14,44,38,112.90,112.12,0.78,48.18,41.98,88.43,0.48,11.46,31.73,0.36,17.49,21.72,0.80,10.29,34.10,44.39,25.26,14.06,7.10,5.46,4.91,20.37,19.71
2021-22,1610612739,CLE,Cleveland Cavaliers,15,44,38,107.79,105.67,2.12,48.12,39.70,84.63,0.47,11.62,32.76,0.35,16.78,22.07,0.77,10.21,33.98,44.18,25.17,14.40,7.07,4.18,4.63,17.48,19.98
2021-22,1610612766,CHA,Charlotte Hornets,16,43,39,115.33,114.89,0.44,48.49,42.78,91.43,0.47,13.94,38.17,0.37,15.83,21.38,0.74,10.83,33.74,44.57,28.07,13.26,8.62,4.90,4.60,19.87,19.62
2021-22,1610612737,ATL,Atlanta Hawks,17,43,39,113.94,112.38,1.56,48.06,41.48,88.30,0.47,12.88,34.40,0.37,18.11,22.30,0.81,10.04,33.94,43.98,24.60,11.85,7.16,4.24,4.48,18.71,20.34
2021-22,1610612746,LAC,LA Clippers,18,42,40,108.41,108.39,0.02,48.24,40.06,87.44,0.46,12.77,34.17,0.37,15.52,19.59,0.79,9.11,34.88,43.99,24.01,13.73,7.41,4.95,4.13,18.63,18.48
2021-22,1610612752,NYK,New York Knicks,19,37,45,106.48,106.60,-0.12,48.24,37.66,86.21,0.44,13.20,36.94,0.36,17.96,24.15,0.74,11.48,34.65,46.12,21.87,13.26,6.95,4.87,4.62,20.39,20.38
2021-22,1610612740,NOP,New Orleans Pelicans,20,36,46,109.29,110.28,-0.99,48.18,40.17,87.95,0.46,10.65,32.06,0.34,18.30,23.21,0.79,11.96,33.24,45.21,24.96,14.06,8.29,4.00,4.77,19.66,20.50
2021-22,1610612764,WAS,Washington Wizards,21,35,47,108.62,112.00,-3.38,48.37,40.57,86.05,0.47,10.49,30.63,0.34,16.99,21.68,0.78,8.99,34.12,43.11,25.02,13.13,6.37,4.95,4.20,18.84,19.93
2021-22,1610612759,SAS,San Antonio Spurs,22,34,48,113.16,113.04,0.12,48.30,43.24,92.70,0.47,11.28,32.02,0.35,15.39,20.40,0.75,10.99,34.33,45.32,27.91,12.72,7.63,4.91,4.91,18.09,18.94
2021-22,1610612747,LAL,Los Angeles Lakers,23,33,49,112.10,115.15,-3.05,48.73,41.65,88.77,0.47,11.98,34.46,0.35,16.83,22.98,0.74,9.54,34.46,44.00,24.00,14.52,7.63,5.18,4.12,20.17,20.09
2021-22,1610612758,SAC,Sacramento Kings,24,30,52,110.30,115.77,-5.46,48.30,40.50,88.09,0.46,11.43,33.20,0.35,17.88,23.27,0.77,9.56,33.38,42.94,23.70,14.10,7.17,4.50,4.82,18.93,20.30
2021-22,1610612757,POR,Portland Trail Blazers,25,27,55,106.23,115.11,-8.88,48.12,38.55,87.12,0.44,12.72,36.79,0.34,16.41,21.60,0.76,10.41,32.45,42.87,22.93,14.48,8.01,4.46,4.99,21.07,19.38
2021-22,1610612754,IND,Indiana Pacers,26,25,57,111.46,114.94,-3.48,48.49,41.44,89.49,0.46,12.16,35.35,0.34,16.43,21.39,0.77,11.28,32.57,43.85,25.38,14.43,7.10,5.57,4.89,20.43,19.21
2021-22,1610612760,OKC,Oklahoma City Thunder,27,24,58,103.73,111.83,-8.10,48.30,38.30,89.15,0.43,12.09,37.39,0.32,15.04,19.90,0.76,10.41,35.21,45.62,22.22,13.96,7.59,4.63,5.98,18.26,17.83
2021-22,1610612765,DET,Detroit Pistons,28,23,59,104.83,112.55,-7.72,48.24,38.16,88.62,0.43,11.28,34.61,0.33,17.23,22.02,0.78,10.98,32.01,42.99,23.46,14.18,7.68,4.79,5.21,21.94,19.82
2021-22,1610612753,ORL,Orlando Magic,29,22,60,104.23,112.23,-8.00,48.24,38.28,88.29,0.43,12.18,36.85,0.33,15.49,19.68,0.79,9.10,35.18,44.28,23.74,14.49,6.77,4.48,5.22,19.66,18.30
2021-22,1610612745,HOU,Houston Rockets,30,20,62,109.72,118.20,-8.48,48.18,39.38,86.38,0.46,13.48,38.66,0.35,17.49,24.51,0.71,9.59,32.44,42.02,23.56,16.48,7.32,4.66,5.78,20.63,22.10
2022-23,1610612749,MIL,Milwaukee Bucks,1,58,24,116.94,113.30,3.63,48.37,42.73,90.38,0.47,14.84,40.32,0.37,16.63,22.40,0.74,11.15,37.49,48.63,25.79,14.62,6.35,4.91,3.94,18.05,18.99
2022-23,1610612738,BOS,Boston Celtics,2,57,25,117.94,111.41,6.52,48.73,42.20,88.76,0.48,16.04,42.59,0.38,17.51,21.57,0.81,9.71,35.62,45.33,26.66,13.35,6.35,5.24,3.88,18.80,19.12
2022-23,1610612755,PHI,Philadelphia 76ers,3,54,28,115.22,110.90,4.32,48.49,40.82,83.78,0.49,12.62,32.62,0.39,20.96,25.10,0.83,8.72,32.21,40.93,25.16,13.67,7.74,4.74,4.63,20.43,19.60
2022-23,1610612743,DEN,Denver Nuggets,4,53,29,115.79,112.46,3.33,48.18,43.59,86.44,0.51,11.82,31.21,0.38,16.80,22.37,0.75,10.10,32.91,43.01,28.88,14.54,7.54,4.49,4.20,18.60,19.52
2022-23,1610612763,MEM,Memphis Grizzlies,5,51,31,116.91,112.98,3.94,48.24,43.72,92.09,0.48,12.01,34.23,0.35,17.46,23.83,0.74,12.05,34.57,46.62,26.04,13.61,8.29,5.77,5.21,20.04,20.05
2022-23,1610612739,CLE,Cleveland Cavaliers,6,51,31,112.26,106.88,5.38,48.49,41.56,85.17,0.49,11.59,31.57,0.37,17.55,22.49,0.78,9.70,31.39,41.09,24.94,13.34,7.15,4.68,4.39,19.02,20.43
2022-23,1610612758,SAC,Sacramento Kings,7,48,34,120.71,118.06,2.65,48.37,43.57,88.20,0.49,13.76,37.32,0.37,19.80,25.06,0.79,9.54,32.91,42.45,27.28,13.49,7.00,3.35,4.16,19.71,20.87
2022-23,1610612752,NYK,New York Knicks,8,47,35,116.02,113.10,2.93,48.67,42.00,89.37,0.47,12.65,35.73,0.35,19.38,25.45,0.76,12.57,34.02,46.60,22.93,12.99,6.43,4.15,4.51,20.32,20.66
2022-23,1610612756,PHX,Phoenix Suns,9,45,37,113.65,111.57,2.07,48.24,42.11,90.10,0.47,12.21,32.61,0.37,17.22,21.72,0.79,11.84,32.40,44.24,27.26,13.54,7.13,5.27,3.99,21.21,19.87
2022-23,1610612751,BKN,Brooklyn Nets,10,45,37,113.35,112.50,0.85,48.12,41.45,85.10,0.49,12.78,33.79,0.38,17.67,22.09,0.80,8.22,32.29,40.51,25.52,13.74,7.13,6.17,3.87,21.10,18.50
2022-23,1610612744,GSW,Golden State Warriors,11,44,38,118.94,117.13,1.80,48.37,43.15,90.16,0.48,16.62,43.17,0.38,16.02,20.18,0.79,10.54,34.06,44.60,29.83,16.29,7.17,3.95,3.98,21.41,18.41
2022-23,1610612746,LAC,LA Clippers,12,44,38,113.59,113.09,0.50,48.37,41.10,86.10,0.48,12.70,33.34,0.38,18.70,23.93,0.78,9.79,33.44,43.23,23.89,14.23,7.07,4.44,4.20,19.49,19.59
2022-23,1610612748,MIA,Miami Heat,13,44,38,109.48,109.79,-0.32,48.30,39.21,85.26,0.46,11.95,34.78,0.34,19.11,22.99,0.83,9.71,30.89,40.60,23.84,13.49,7.99,2.96,3.77,18.49,20.04
2022-23,1610612747,LAL,Los Angeles Lakers,14,43,39,117.17,116.60,0.57,48.49,42.88,89.00,0.48,10.79,31.20,0.35,20.62,26.61,0.77,9.98,35.73,45.71,25.27,14.07,6.41,4.61,5.07,17.88,21.46
2022-23,1610612750,MIN,Minnesota Timberwolves,15,42,40,115.78,115.82,-0.04,48.37,42.87,87.40,0.49,12.16,33.30,0.36,17.89,23.68,0.75,9.13,32.76,41.89,26.16,15.34,8.01,5.41,4.10,21.56,20.17
2022-23,1610612740,NOP,New Orleans Pelicans,16,42,40,114.37,112.48,1.89,48.43,42.04,87.56,0.48,10.96,30.10,0.36,19.33,24.39,0.79,10.56,33.13,43.70,25.88,14.59,8.30,4.11,4.71,20.46,20.40
2022-23,1610612737,ATL,Atlanta Hawks,17,41,41,118.43,118.13,0.29,48.43,44.61,92.37,0.48,10.76,30.55,0.35,18.45,22.56,0.82,11.22,33.16,44.38,24.99,12.93,7.07,4.89,5.05,18.79,19.66
2022-23,1610612761,TOR,Toronto Raptors,18,41,41,112.85,111.38,1.48,48.30,41.88,91.33,0.46,10.73,32.02,0.34,18.37,23.44,0.79,12.72,30.30,43.02,23.91,11.66,9.41,5.17,4.59,20.01,19.56
2022-23,1610612760,OKC,Oklahoma City Thunder,19,40,42,117.48,116.39,1.09,48.43,43.09,92.56,0.47,12.13,34.11,0.36,19.17,23.71,0.80,11.39,32.27,43.66,24.41,13.05,8.24,4.16,5.54,21.00,20.43
2022-23,1610612741,CHI,Chicago Bulls,20,40,42,113.12,111.83,1.29,48.55,42.54,86.78,0.49,10.41,28.87,0.36,17.63,21.80,0.81,8.46,33.89,42.35,24.46,13.38,7.85,4.52,4.74,18.91,18.74
2022-23,1610612742,DAL,Dallas Mavericks,21,38,44,114.22,114.15,0.07,48.61,40.04,84.26,0.48,15.20,41.00,0.37,18.95,25.09,0.75,7.62,31.17,38.79,22.93,12.22,6.27,3.71,3.80,20.70,21.82
2022-23,1610612762,UTA,Utah Jazz,22,37,45,117.07,118.01,-0.94,48.30,42.50,89.82,0.47,13.34,37.79,0.35,18.73,23.84,0.78,11.80,34.07,45.88,25.96,15.35,6.10,5.23,4.94,20.48,20.46
2022-23,1610612754,IND,Indiana Pacers,23,35,47,116.28,119.46,-3.18,48.18,42.00,89.57,0.47,13.56,36.95,0.37,18.72,23.71,0.79,10.15,31.40,41.55,26.99,14.93,7.70,5.83,5.34,21.23,20.24
2022-23,1610612764,WAS,Washington Wizards,24,35,47,113.16,114.37,-1.21,48.18,42.15,86.91,0.49,11.28,31.72,0.35,17.59,22.41,0.79,9.44,34.20,43.63,25.40,14.12,6.84,5.17,4.95,18.77,19.39
2022-23,1610612753,ORL,Orlando Magic,25,34,48,111.41,113.98,-2.56,48.24,40.52,86.27,0.47,10.77,31.11,0.35,19.60,25.00,0.78,10.16,33.09,43.24,23.24,15.07,7.35,4.66,5.06,20.15,20.50
2022-23,1610612757,POR,Portland Trail Blazers,26,33,49,113.40,117.41,-4.01,48.12,40.45,85.38,0.47,12.88,35.28,0.36,19.62,24.65,0.80,9.44,31.11,40.55,24.16,14.45,6.74,4.59,4.29,20.04,20.48
2022-23,1610612766,CHA,Charlotte Hornets,27,27,55,110.95,117.20,-6.24,48.37,41.28,90.40,0.46,10.74,32.55,0.33,17.65,23.56,0.75,10.99,33.55,44.54,25.15,14.20,7.73,5.18,5.74,20.26,20.33
2022-23,1610612759,SAS,San Antonio Spurs,28,22,60,113.04,123.07,-10.04,48.43,43.09,92.60,0.47,11.11,32.20,0.35,15.76,21.21,0.74,11.77,31.94,43.71,27.22,15.28,6.98,3.93,5.26,19.88,18.49
2022-23,1610612745,HOU,Houston Rockets,29,22,60,110.74,118.60,-7.85,48.18,40.60,88.87,0.46,10.44,31.94,0.32,19.11,25.34,0.75,13.41,32.87,46.28,22.38,16.24,7.32,4.56,6.21,20.48,20.63
2022-23,1610612765,DET,Detroit Pistons,30,17,65,110.30,118.52,-8.22,48.30,39.56,87.07,0.45,11.39,32.43,0.35,19.79,25.68,0.77,11.17,31.27,42.44,22.98,15.09,7.00,3.76,5.52,22.11,20.95
2023-24,1610612738,BOS,Boston Celtics,1,64,18,120.57,109.23,11.34,48.37,43.91,90.20,0.49,16.48,42.46,0.39,16.27,20.17,0.80,10.68,35.65,46.33,26.91,11.94,6.79,6.56,3.71,16.17,17.27
2023-24,1610612760,OKC,Oklahoma City Thunder,2,57,25,120.09,112.67,7.41,48.30,44.55,89.32,0.50,13.29,34.21,0.39,17.70,21.45,0.83,8.80,33.23,42.04,27.11,12.67,8.46,6.56,5.11,18.84,18.88
2023-24,1610612743,DEN,Denver Nuggets,3,57,25,114.85,109.60,5.26,48.06,44.02,88.77,0.50,11.68,31.22,0.37,15.12,19.85,0.76,10.74,33.68,44.43,29.45,12.63,7.13,5.56,4.80,18.16,17.89
2023-24,1610612750,MIN,Minnesota Timberwolves,4,56,26,112.98,106.52,6.45,48.30,41.26,85.05,0.49,12.65,32.70,0.39,17.82,22.94,0.77,9.39,34.23,43.62,26.63,14.17,7.89,6.06,4.52,18.83,19.88
2023-24,1610612746,LAC,LA Clippers,5,51,31,115.62,112.34,3.28,48.06,42.35,86.68,0.49,12.63,33.16,0.38,18.28,22.16,0.83,10.02,32.94,42.96,25.57,13.15,7.80,5.04,4.68,18.52,18.74
2023-24,1610612742,DAL,Dallas Mavericks,6,50,32,117.85,115.65,2.21,48.06,43.11,89.66,0.48,14.60,39.54,0.37,17.04,22.46,0.75,9.72,33.22,42.94,25.68,12.52,6.87,4.95,4.04,18.29,20.33
2023-24,1610612752,NYK,New York Knicks,7,50,32,112.79,108.21,4.59,48.12,41.28,88.68,0.47,13.21,35.80,0.37,17.02,21.82,0.78,12.67,32.50,45.17,24.37,13.23,7.46,4.10,5.26,17.65,19.09
2023-24,1610612749,MIL,Milwaukee Bucks,8,49,33,118.98,116.35,2.62,48.30,43.15,88.51,0.49,14.18,38.07,0.37,18.50,23.90,0.77,9.41,34.76,44.17,26.54,12.91,6.80,5.04,4.23,19.20,19.22
2023-24,1610612756,PHX,Phoenix Suns,9,49,33,116.24,113.18,3.06,48.24,42.46,86.13,0.49,12.44,32.57,0.38,18.88,23.35,0.81,10.13,33.94,44.07,27.05,14.89,7.44,6.00,4.54,17.99,19.66
2023-24,1610612740,NOP,New Orleans Pelicans,10,49,33,115.07,110.66,4.41,48.06,42.49,87.38,0.49,12.48,32.60,0.38,17.62,22.84,0.77,10.39,33.57,43.96,26.95,13.01,8.34,4.61,5.17,18.39,18.37
2023-24,1610612739,CLE,Cleveland Cavaliers,11,48,34,112.63,110.22,2.41,48.30,41.77,87.17,0.48,13.51,36.78,0.37,15.59,20.38,0.76,9.85,33.44,43.29,28.04,13.56,7.38,4.63,5.00,17.51,18.73
2023-24,1610612754,IND,Indiana Pacers,12,47,35,123.29,120.24,3.05,48.06,47.01,92.67,0.51,13.20,35.26,0.37,16.07,20.55,0.78,10.09,31.44,41.52,30.76,12.91,7.70,5.87,5.37,21.41,18.30
2023-24,1610612747,LAL,Los Angeles Lakers,13,47,35,118.04,117.44,0.60,48.43,43.66,87.52,0.50,11.82,31.37,0.37,18.90,24.18,0.77,8.24,34.87,43.11,28.52,13.98,7.38,5.52,4.76,15.65,19.74
2023-24,1610612755,PHI,Philadelphia 76ers,14,47,35,114.60,111.55,3.05,48.24,41.51,89.40,0.47,12.10,33.33,0.36,19.48,23.59,0.82,11.05,31.90,42.95,24.89,12.00,8.46,6.00,6.13,20.34,18.52
2023-24,1610612753,ORL,Orlando Magic,15,47,35,110.46,108.44,2.02,48.24,40.46,84.93,0.48,11.01,31.32,0.35,18.52,24.41,0.76,10.50,31.80,42.30,24.67,14.71,8.16,5.16,4.62,19.73,20.85
2023-24,1610612744,GSW,Golden State Warriors,16,46,36,117.77,115.16,2.61,48.37,43.68,91.65,0.48,14.77,38.91,0.38,15.63,20.05,0.78,12.15,34.56,46.71,29.29,14.32,6.98,4.60,4.96,19.49,17.94
2023-24,1610612758,SAC,Sacramento Kings,17,46,36,116.56,114.82,1.74,48.43,43.33,90.91,0.48,14.37,39.26,0.37,15.54,20.85,0.74,10.83,33.16,43.99,28.34,13.15,7.62,4.17,4.51,19.90,18.34
2023-24,1610612748,MIA,Miami Heat,18,46,36,110.15,108.39,1.76,48.18,39.83,85.63,0.47,12.46,33.72,0.37,18.02,22.02,0.82,9.34,32.95,42.29,25.80,12.66,7.52,3.41,4.73,17.26,18.90
2023-24,1610612745,HOU,Houston Rockets,19,41,41,114.33,113.21,1.12,48.43,41.77,90.96,0.46,12.72,36.15,0.35,18.07,23.37,0.77,11.46,33.99,45.45,24.82,12.74,7.79,4.57,5.88,20.76,19.62
2023-24,1610612741,CHI,Chicago Bulls,20,39,43,112.27,113.71,-1.44,48.73,42.05,89.50,0.47,11.48,32.07,0.36,16.70,21.11,0.79,11.17,32.65,43.82,24.98,12.24,7.78,4.80,4.93,18.79,18.76
2023-24,1610612737,ATL,Atlanta Hawks,21,36,46,118.33,120.51,-2.18,48.43,43.04,92.49,0.47,13.72,37.71,0.36,18.54,23.24,0.79,12.49,32.18,44.67,26.59,13.54,7.50,4.50,5.62,18.56,19.44
2023-24,1610612751,BKN,Brooklyn Nets,22,32,50,110.37,113.26,-2.89,48.30,40.66,89.11,0.46,13.28,36.71,0.36,15.77,20.87,0.76,11.44,32.62,44.06,25.63,13.12,6.78,5.17,4.99,18.49,18.24
2023-24,1610612762,UTA,Utah Jazz,23,31,51,115.66,120.55,-4.89,48.30,41.99,89.89,0.47,12.93,36.50,0.35,18.76,22.60,0.83,12.22,33.23,45.45,27.22,15.67,6.55,5.59,6.44,18.57,19.23
2023-24,1610612763,MEM,Memphis Grizzlies,24,27,55,105.82,112.82,-7.00,48.24,38.35,88.16,0.44,13.06,37.77,0.35,16.05,21.00,0.76,10.93,31.68,42.61,24.70,15.07,8.21,6.11,6.52,19.06,18.77
2023-24,1610612761,TOR,Toronto Raptors,25,25,57,112.35,118.79,-6.44,48.30,42.27,89.71,0.47,11.49,33.07,0.35,16.33,21.61,0.76,10.87,31.79,42.66,28.48,13.99,7.73,4.73,5.78,18.40,18.13
2023-24,1610612759,SAS,San Antonio Spurs,26,22,60,112.10,118.59,-6.49,48.37,41.93,90.68,0.46,12.63,36.38,0.35,15.61,19.96,0.78,10.35,33.88,44.23,29.87,15.15,7.12,6.34,4.63,17.24,17.93
2023-24,1610612766,CHA,Charlotte Hornets,27,21,61,106.59,116.83,-10.24,48.12,40.01,86.99,0.46,12.06,34.00,0.35,14.50,18.44,0.79,9.33,30.95,40.28,24.79,13.77,6.85,4.52,4.83,17.95,17.46
2023-24,1610612757,POR,Portland Trail Blazers,28,21,61,106.37,115.39,-9.02,48.49,39.35,89.71,0.44,11.45,33.21,0.35,16.21,20.49,0.79,12.63,30.11,42.74,23.10,15.23,7.65,4.32,6.44,20.17,17.89
2023-24,1610612764,WAS,Washington Wizards,29,15,67,113.74,123.04,-9.29,48.12,42.96,91.38,0.47,12.38,35.55,0.35,15.44,20.21,0.77,9.21,31.87,41.07,27.93,13.99,7.60,5.06,6.05,19.96,17.96
2023-24,1610612765,DET,Detroit Pistons,30,14,68,109.88,118.99,-9.11,48.18,40.89,88.24,0.46,11.05,31.73,0.35,17.05,21.71,0.79,10.50,32.83,43.33,25.46,15.22,6.48,4.68,5.98,20.59,17.77
