personName,W,minutes
AJ Green,2,18.659823633156968
AJ Griffin,3,46.210630764163376
AJ Price,7,87.35765552348886
Aaron Brooks,10,168.633543177245
Aaron Gordon,11,314.05881137522675
Aaron Gray,5,55.85034080298786
Aaron Harrison,3,33.34166666666667
Aaron Holiday,10,172.2880490265907
Aaron Nesmith,8,152.74251558383136
Aaron Wiggins,6,118.75282702915682
Abdel Nader,7,84.03545093795094
Admiral Schofield,4,31.366137566137564
Adonis Thomas,2,13.883333333333333
Adreian Payne,4,36.29296296296297
Al Harrington,6,127.53951993805653
Al Horford,25,785.958919434388
Al Jefferson,8,219.97284933399817
Al Thornton,2,40.43148148148148
Al-Farouq Aminu,11,272.5306271810627
Alan Anderson,10,227.6686864623244
Alec Burks,22,499.32161526843987
Aleksej Pokusevski,12,201.79706349206347
Alen Smailagic,2,10.103333333333333
Alex Abrines,3,51.06108966108967
Alex Caruso,12,283.70293981481484
Alex Len,18,323.4227341517415
Alex Poythress,2,18.348095238095237
Alexey Shved,6,107.29400183150183
Alexis Ajinca,10,144.42978121551653
Alfonzo McKinnie,6,61.85144788544788
Alize Johnson,7,46.74666666666667
Allen Crabbe,14,288.1417771967721
Allonzo Trier,4,69.39960317460317
Alonzo Gee,12,226.7420554831671
Alperen Sengun,3,83.29204980842913
Amar'e Stoudemire,12,302.8307070707071
Amen Thompson,2,50.31387163561077
Amir Coffey,10,146.6062825743909
Amir Johnson,13,318.07199801524825
Anderson Varejao,9,180.4822759835194
Andray Blatche,6,136.60073523371398
Andre Drummond,15,398.3102945835886
Andre Iguodala,21,568.8102905791801
Andre Jackson Jr.,2,20.721990740740743
Andre Miller,9,177.3277350102098
Andre Roberson,11,214.0195402641684
Andrea Bargnani,8,222.06419295616664
Andrei Kirilenko,4,91.97798756798757
Andres Nocioni,2,19.576650563607085
Andrew Bogut,9,203.0133197042941
Andrew Bynum,5,131.6807268170426
Andrew Harrison,5,69.08770209838322
Andrew Nembhard,2,52.39404217479675
Andrew Nicholson,11,181.94642001244944
Andrew Wiggins,19,658.9214200365587
Andris Biedrins,3,50.68140756302521
Anfernee Simons,6,146.16555592992725
Antawn Jamison,4,99.78342818428183
Ante Zizic,3,32.77748778998779
Anthony Bennett,4,36.74583333333333
Anthony Black,1,16.152991452991454
Anthony Brown,2,36.17777777777778
Anthony Davis,18,612.0037326853558
Anthony Edwards,8,274.66707349419863
Anthony Gill,8,76.87337962962962
Anthony Lamb,3,43.76342592592593
Anthony Morrow,14,242.87989411625247
Anthony Parker,4,115.20847338935573
Anthony Randolph,5,47.7938232074439
Anthony Tolliver,16,270.39826578950493
Antonio Blakeney,2,30.22936507936508
Antonio McDyess,2,35.36259259259259
Archie Goodwin,5,67.03958333333334
Arinze Onuaku,3,2.627777777777778
Armoni Brooks,4,67.25488215488215
Arnett Moultrie,1,9.241666666666667
Aron Baynes,14,207.07850079604984
Arron Afflalo,14,405.20593046477853
Ashton Hagans,1,23.194444444444443
Ausar Thompson,1,28.078333333333337
Austin Daye,13,148.68420615933775
Austin Reaves,6,172.59193626184324
Austin Rivers,18,423.65588528371933
Avery Bradley,16,434.31106700731056
Axel Toupane,4,39.434259259259264
Ayo Dosunmu,3,83.64762601887601
Bam Adebayo,13,377.58320645245277
Baron Davis,3,74.90115740740741
Ben Gordon,5,101.03196207430341
Ben McLemore,16,292.1556212024459
Ben Sheppard,1,14.596354166666666
Ben Simmons,10,278.0086552075376
Ben Uzoh,2,28.664682539682545
Ben Wallace,4,82.65415204678362
Bennedict Mathurin,4,112.55027197802198
Beno Udrih,10,187.47872318174663
Bernard James,3,26.303799019607844
Bilal Coulibaly,2,53.55333333333333
Bismack Biyombo,16,303.6514754227254
Blake Griffin,17,496.2505646978747
Blake Wesley,2,34.33996101364522
Boban Marjanovic,11,93.30992251392283
Bobby Portis,20,445.32184321918675
Bogdan Bogdanovic,14,400.24564161580025
Bojan Bogdanovic,15,424.99038680285975
Bol Bol,6,58.72603968253968
Bones Hyland,4,70.99283391405343
Bonzie Colson,2,3.8125
Boris Diaw,14,330.6466630405485
Brad Miller,2,21.56076388888889
Brad Wanamaker,6,107.5014737654321
Bradley Beal,15,510.0986836064067
Brandan Wright,20,317.9663158263305
Brandin Podziemski,2,55.034188034188034
Brandon Bass,10,258.3488458219394
Brandon Boston Jr.,3,27.97098206804089
Brandon Clarke,9,197.4995902659171
Brandon Davies,3,26.727222222222224
Brandon Goodwin,4,41.91385155195682
Brandon Ingram,11,357.7084860919582
Brandon Jennings,10,261.6872318435159
Brandon Knight,12,317.5589631717261
Brandon Miller,2,67.86515151515152
Brandon Paul,1,6.996491228070176
Brandon Roy,2,52.26433333333333
Brandon Rush,11,225.68142251018594
Brandon Sampson,2,18.75
Brandon Williams,2,40.445
Brendan Haywood,4,68.14915258576549
Brian Bowen II,2,6.893333333333333
Brian Cardinal,2,15.479298048048047
Brian Roberts,6,83.09658390220889
Briante Weber,6,69.57103174603175
Brice Sensabaugh,1,14.877083333333333
Brodric Thomas,3,20.952916666666667
Brook Lopez,14,409.04782072595816
Bruce Brown,14,350.08206160454614
Bruno Caboclo,9,71.92490079365079
Bruno Fernando,10,92.00180438842203
Bryce Dejean-Jones,1,17.777083333333334
Bryce McGowens,4,61.282457912457915
Bryn Forbes,8,139.36184359387258
Buddy Hield,17,478.3689669800703
Byron Mullens,6,104.26423611111112
C.J. Watson,7,136.63993467088278
C.J. Williams,3,52.86027777777778
CJ Elleby,4,51.151041666666664
CJ McCollum,12,370.1862017544445
CJ Miles,20,399.856268478354
Cade Cunningham,3,103.16055555555556
Caleb Houstan,4,51.137301587301586
Caleb Martin,10,217.66932836682838
Caleb Swanigan,5,40.60019943019943
Cam Reddish,11,280.34213709130375
Cam Thomas,6,137.22487789987792
Cam Whitmore,2,27.922222222222224
Cameron Bairstow,2,6.054166666666667
Cameron Johnson,7,183.08687787503194
Cameron Payne,12,200.45622969689998
Caris LeVert,19,505.2526548862978
Carl Landry,9,190.2348717948718
Carlos Arroyo,2,33.44047619047619
Carlos Boozer,6,187.37774033935457
Carlos Delfino,6,170.53688530967943
Carmelo Anthony,13,425.57284637887847
Caron Butler,7,174.10042735042737
Carsen Edwards,3,50.424142857142854
Cartier Martin,10,144.92396825396827
Cason Wallace,2,40.35957825203252
Cassius Stanley,2,22.223333333333333
Cedi Osman,10,219.5583937338891
Chandler Hutchison,6,75.02708333333334
Chandler Parsons,8,218.99526367220605
Channing Frye,15,308.7896456815598
Charles Bassey,3,32.0439393939394
Charles Jenkins,3,32.14021367521367
Charlie Brown Jr.,5,46.60357142857143
Charlie Villanueva,6,82.22357567558717
Chase Budinger,11,209.95460193229275
Chasson Randle,5,75.91904761904763
Chauncey Billups,5,130.24696428571428
Chaundee Brown,1,20.833333333333332
Cheick Diallo,5,48.57097275436356
Chet Holmgren,1,29.414035087719295
Chimezie Metu,10,134.80352795977797
Chinanu Onuaku,1,10.175
Chris Andersen,12,178.64203781451624
Chris Bosh,9,308.07377755915724
Chris Boucher,13,200.0807946535215
Chris Chiozza,5,55.91746031746032
Chris Copeland,7,76.6553077342048
Chris Douglas-Roberts,6,101.49313492063492
Chris Duarte,6,106.72438697318007
Chris Duhon,3,51.246095008051526
Chris Johnson,12,145.0463336108336
Chris Kaman,7,145.71679254932516
Chris McCullough,3,15.904761904761905
Chris Paul,14,452.32309086751934
Chris Singleton,3,44.6366628959276
Chris Wilcox,6,104.24207180500659
Chris Wright,3,20.566666666666666
Christian Braun,4,70.31615401506706
Christian Eyenga,2,27.840000000000003
Christian Koloko,1,14.336781609195402
Christian Wood,10,218.84903513425573
Chuck Hayes,11,191.4444467787115
Chuma Okeke,7,150.71907096171802
Cleanthony Early,3,47.055
Clint Capela,12,277.4658145802953
Coby White,5,144.72047928610428
Cody Martin,9,171.65797245963913
Cody Zeller,17,347.12063106979133
Cole Aldrich,9,77.47524205793029
Cole Anthony,4,105.71956232301976
Collin Sexton,6,180.64819292003958
Corey Brewer,26,519.3785591926915
Corey Kispert,6,152.4543631187653
Corey Maggette,3,61.5334126984127
Cory Jefferson,2,12.766666666666666
Cory Joseph,14,282.2865364530815
Courtney Lee,19,438.8358181203516
Craig Brackins,1,4.366666666666666
Craig Porter Jr.,1,12.79
Cristiano Felicio,6,82.07003672850448
D'Angelo Russell,12,364.4985101373635
D.J. Augustin,17,381.9607268667017
D.J. Wilson,10,96.86452867383512
DJ White,5,61.181250000000006
DaJuan Summers,4,45.43333333333333
DaQuan Jeffries,6,47.15378787878788
Daequan Cook,5,56.43827614379085
Dahntay Jones,5,53.28410140584054
Daishen Nix,3,27.476868686868688
Dakari Johnson,1,5.767460317460317
Dakota Mathias,3,13.91
Dalano Banton,5,86.08050462226933
Dalen Terry,2,17.176575698505523
Damian Jones,11,127.00199874686717
Damian Lillard,12,428.75145722443
Damien Inglis,1,5.733333333333333
Damien Wilkins,5,63.795120772946866
Damion James,4,49.72380952380952
Damion Lee,6,127.75650309717383
Damjan Rudez,3,31.70522486772487
Damyean Dotson,9,154.85847222222225
Dan Gadzuric,4,29.597619047619048
Daniel Gafford,8,160.281056269251
Daniel Gibson,3,67.94912217412218
Daniel Hamilton,2,11.621428571428572
Daniel Orton,3,31.71113095238095
Daniel Theis,14,243.8522511897512
Danilo Gallinari,17,458.1736005164515
Danny Granger,7,178.06122751909336
Danny Green,21,471.0680624261886
Dante Cunningham,15,322.7483308098739
Dante Exum,11,212.10848944406723
Danuel House Jr.,11,249.49120486401188
Dario Saric,12,258.3902689861787
Darius Bazley,7,152.4254617446394
Darius Garland,5,168.18515966155908
Darius Miller,9,167.13699226699225
Darius Morris,8,88.54756313131313
Darko Milicic,2,40.15063492063492
Darnell Jackson,1,6.712037037037037
Darrell Arthur,10,166.14986891580642
Darren Collison,10,286.69795123581446
Darrun Hilliard,3,26.386771155830754
David Duke Jr.,5,49.14920634920635
David Lee,11,302.9414154004371
David Nwaba,8,156.89553807303807
David Roddy,5,66.50603632478632
David West,9,216.90628925167928
Davion Mitchell,3,60.181423443793705
Davis Bertans,13,208.58343887699806
Davon Reed,7,62.22578042328042
Day'Ron Sharpe,3,38.20168686868687
De'Aaron Fox,7,231.91464715839717
De'Andre Hunter,5,148.01783368678105
De'Anthony Melton,7,167.67072739491346
DeAndre Jordan,16,406.6586657579002
DeAndre Liggins,8,80.52202991452991
DeAndre' Bembry,13,234.82059113290092
DeJuan Blair,6,83.05539662933684
DeMar DeRozan,19,678.5053589165274
DeMarcus Cousins,17,477.9410142277772
DeMarre Carroll,13,246.6772218099402
DeQuan Jones,2,28.28076923076923
DeSagana Diop,3,37.93611111111112
DeShawn Stevenson,5,101.6100432900433
Dean Wade,5,81.319363222872
Deandre Ayton,7,222.77130941875862
Dejounte Murray,7,195.9306840810699
Delon Wright,12,259.2189705353372
Delonte West,2,41.81353846153846
Deng Adel,1,7.941666666666666
Deni Avdija,4,105.22369264069263
Dennis Schroder,13,354.24644510972337
Dennis Smith Jr.,9,188.79012218045114
Denzel Valentine,8,121.0528785103785
Dereck Lively II,1,23.433809523809522
Derek Fisher,6,127.78615820355199
Deron Williams,9,297.1666278369281
Derrick Brown,3,35.164632936507935
Derrick Favors,22,534.3830750152343
Derrick Jones Jr.,11,214.55667470890668
Derrick Rose,15,372.8985455831548
Derrick Walton Jr.,4,67.09315476190477
Derrick White,10,250.36319774532117
Derrick Williams,9,144.69494003641634
Desmond Bane,8,243.96437888198759
Devin Booker,10,336.96121193893805
Devin Ebanks,6,63.30984848484849
Devin Harris,11,257.93673125476244
Devin Vassell,8,213.2025968013468
Devontae Cacok,2,10.081666666666667
Devonte' Graham,7,163.8244875043415
Devyn Marble,2,24.28611111111111
Dewayne Dedmon,18,300.6820102716101
Dexter Pittman,4,20.944130434782608
Deyonta Davis,3,35.224682971014495
Dillon Brooks,12,322.88501660989385
Dion Waiters,12,307.31875856396687
Dirk Nowitzki,14,375.92557887185603
Domantas Sabonis,14,433.1916169426762
Dominic McGuire,7,93.32265114379085
Dominick Barlow,2,34.61238095238095
Dominique Jones,3,27.130555555555556
Donald Sloan,8,109.71353284708124
Donatas Motiejunas,8,131.92691370520316
Donovan Mitchell,7,235.82054598586285
Donte DiVincenzo,11,285.02703144754975
Donte Greene,2,28.444246031746033
Dorell Wright,5,114.5491853054353
Dorian Finney-Smith,15,402.8404091259176
Doug McDermott,15,308.091717014956
Dragan Bender,7,128.2512148426622
Draymond Green,21,589.1916078486685
Drew Eubanks,11,169.68083355229473
Drew Gooden,9,148.27432862475968
Dru Smith,3,30.681944444444444
Duane Washington Jr.,2,27.345016339869282
Duncan Robinson,11,253.42323693573692
Duop Reath,1,17.319607843137256
Dwayne Bacon,8,137.3007705026455
Dwight Howard,13,383.4034184127169
Dwight Powell,15,295.9448662183119
Dwyane Wade,10,298.6922650386167
Dyson Daniels,2,40.25990790255496
E'Twaun Moore,17,352.5459969396502
Earl Barron,8,93.58611111111111
Earl Clark,7,81.77164714714715
Earl Watson,4,63.124647809574284
Ed Davis,20,352.73010527411185
Eddie House,1,17.00854700854701
Eddy Curry,2,21.12638888888889
Edmond Sumner,7,96.77136363636363
Ekpe Udoh,11,193.30249319172114
Elfrid Payton,9,253.0036048601359
Elie Okobo,2,24.629503105590064
Elijah Hughes,3,17.870714285714286
Elijah Millsap,5,69.55870098039216
Elliot Williams,5,44.35213675213675
Elton Brand,10,191.52388894416333
Emeka Okafor,4,100.59373115848408
Emmanuel Mudiay,6,134.62631174476866
Enes Freedom,18,403.5445383539979
Eric Bledsoe,12,327.64207439782757
Eric Gordon,23,704.6201951615551
Eric Moreland,3,25.82673611111111
Eric Paschall,4,56.00985209235209
Erick Dampier,2,21.227447089947088
Erick Green,3,16.994444444444444
Ersan Ilyasova,17,397.0767559976143
Eugene Omoruyi,5,69.90222222222222
Evan Fournier,20,505.33345724155333
Evan Mobley,6,197.87230599044096
Evan Turner,21,564.3759918727282
Facundo Campazzo,3,43.32012443900449
Festus Ezeli,3,42.438322788322786
Francisco Elson,2,13.108660130718954
Francisco Garcia,11,203.51030062530063
Frank Jackson,4,72.12279202279203
Frank Kaminsky,16,299.34377149695797
Frank Mason III,4,54.86237745098039
Frank Ntilikina,11,190.3350937001595
Franz Wagner,5,156.57397435897437
Fred VanVleet,9,264.26942930555856
Freddie Gillespie,2,34.804761904761904
Furkan Aldemir,1,10.838888888888889
Furkan Korkmaz,14,196.75699660609826
GG Jackson,1,24.789285714285715
Gabe Vincent,5,80.51480284742696
Gal Mekel,2,21.07037037037037
Garrett Temple,21,394.327437944609
Garrison Mathews,9,159.72823627240464
Gary Clark,8,85.11992283950617
Gary Forbes,3,37.994535856300566
Gary Harris,15,406.50032313080715
Gary Neal,11,215.600186530356
Gary Payton II,15,200.2404722744361
Gary Trent Jr.,9,252.70689169624097
George Hill,17,446.717696031275
Georges Niang,8,109.53853631688997
Georgios Kalaitzakis,2,47.076190476190476
Gerald Green,12,242.64152204619666
Gerald Henderson,10,300.6836462148962
Gerald Wallace,10,274.4017995870435
Giannis Antetokounmpo,15,490.0247241799059
Gigi Datome,3,19.60925925925926
Gilbert Arenas,3,66.8725
Glen Davis,9,214.81815612749824
Glen Rice,2,14.0625
Glenn Robinson III,14,228.9724655067155
Goga Bitadze,6,71.96657152992776
Goran Dragic,17,434.39084490036333
Gordon Hayward,22,647.8396724127216
Gorgui Dieng,20,371.7375189786059
Gradey Dick,2,32.38974358974359
Grant Hill,3,76.68808547008547
Grant Williams,8,198.28178154756424
Grayson Allen,9,231.252212550455
Greg Brown III,3,19.4434126984127
Greg Monroe,19,434.12552901553056
Greg Oden,1,9.594791666666667
Greg Smith,6,57.397991622574956
Greg Stiemsma,4,55.51774198024198
Greivis Vasquez,9,211.4451158662783
Guerschon Yabusele,2,13.307484567901234
Gustavo Ayon,5,83.35345238095238
Hakim Warrick,3,46.84123931623932
Hamidou Diallo,11,189.17282249426987
Harrison Barnes,13,415.1161111746538
Harry Giles III,5,46.6121756021756
Hasheem Thabeet,6,40.49281216931217
Hassan Whiteside,10,204.91671804502687
Hassani Gravett,1,25.0
Haywood Highsmith,4,55.81289682539682
Hedo Turkoglu,6,129.37807760141095
Henry Ellenson,4,39.82837301587301
Henry Sims,5,91.7974567099567
Henry Walker,3,60.84357638888889
Herbert Jones,6,180.56536435786435
Hilton Armstrong,3,18.331666666666667
Hollis Thompson,9,194.36560185185186
Ian Clark,7,73.08707062720416
Ian Mahinmi,10,175.86036212033721
Ibou Badji,1,7.790000000000001
Ignas Brazdeikis,4,47.839814814814815
Iman Shumpert,20,444.9264699074074
Immanuel Quickley,8,202.8388385668277
Isaac Bonga,4,38.23162578162578
Isaac Humphries,1,4.983333333333333
Isaac Okoro,8,225.0930559944353
Isaiah Canaan,10,153.88691067947647
Isaiah Hartenstein,7,115.7478772921858
Isaiah Jackson,3,42.54898648648649
Isaiah Joe,6,92.94323540826989
Isaiah Livers,5,86.94179894179894
Isaiah Roby,7,94.0167297979798
Isaiah Stewart,6,157.30102513227513
Isaiah Taylor,2,26.109259259259257
Isaiah Thomas,14,312.3993605386988
Isaiah Todd,2,6.241666666666667
Isaiah Whitehead,2,36.325490196078434
Ish Smith,20,323.7158677379291
Ish Wainright,4,24.335479797979797
Ivan Johnson,4,70.7092563837129
Ivan Rabb,4,56.3704365079365
Ivica Zubac,12,221.27338067620252
J.J. Barea,15,301.10531158112383
JJ Hickson,14,325.3268189102564
JJ Redick,15,404.8299331605076
JR Smith,16,461.43458782267953
JT Thor,3,35.12130681818182
Ja Morant,5,162.17617003367005
JaKarr Sampson,11,181.9166963755199
JaMychal Green,15,259.7474829151367
JaVale McGee,17,272.8351533588294
Jabari Bird,1,9.908333333333333
Jabari Brown,1,32.108333333333334
Jabari Parker,10,241.72056016899768
Jabari Smith Jr.,4,127.19407407407408
Jabari Walker,3,44.184687208216616
Jacob Evans,3,19.191269841269843
Jacob Gilyard,2,20.846666666666664
Jaden Hardy,2,23.523030303030303
Jaden Ivey,2,64.33095238095238
Jaden McDaniels,4,111.93408084914184
Jaden Springer,4,26.416028154851684
Jae Crowder,18,422.83680250418126
Jae'Sean Tate,6,132.89199013504665
Jahlil Okafor,7,104.69642512077294
Jahmi'us Ramsey,2,9.509999999999998
Jaime Jaquez Jr.,2,59.434649122807016
Jake LaRavia,4,73.6049494949495
Jake Layman,9,98.14706614920324
Jakob Poeltl,11,236.57653460210918
Jalen Brunson,6,159.92349341588488
Jalen Duren,2,57.237259615384616
Jalen Green,3,97.14313685636856
Jalen Harris,1,4.477777777777778
Jalen Johnson,3,52.59068783068783
Jalen McDaniels,6,107.111365935263
Jalen Smith,9,157.3727934726953
Jalen Suggs,3,75.57163275193798
Jalen Williams,3,95.15677871148459
Jalen Wilson,1,16.247619047619047
Jamaal Magloire,2,18.44510582010582
Jamaal Tinsley,2,32.585470085470085
Jamal Cain,2,22.087142857142858
Jamal Crawford,12,292.8770316659306
Jamal Murray,7,217.51001549518006
Jamario Moon,2,34.90833333333333
Jameer Nelson,11,279.9160021746951
Jamel Artis,1,22.516666666666666
James Anderson,10,116.85696489487609
James Ennis III,18,295.56945670219864
James Harden,18,639.8367275165053
James Johnson,21,381.43778487627804
James Jones,11,112.97361702211225
James Michael McAdoo,4,31.134882768603696
James White,2,13.446469907407407
James Wiseman,5,79.0074074074074
Jamil Wilson,1,18.894444444444442
Jan Vesely,4,62.07647451963241
Jared Butler,3,39.88485663082437
Jared Cunningham,5,25.5051523297491
Jared Dudley,17,372.75388749357677
Jared Jeffries,6,99.32261363636364
Jared Sullinger,10,202.20929515745692
Jarell Martin,4,54.96782608695652
Jaren Jackson Jr.,11,306.97076453308597
Jarnell Stokes,2,5.295833333333333
Jaron Blossomgame,1,15.75
Jarred Vanderbilt,9,144.83256742805523
Jarrett Allen,8,228.7691809084635
Jarrett Culver,6,102.16430555555556
Jarrett Jack,9,222.6612101929788
Jason Collins,8,85.05610119047618
Jason Kapono,2,14.205185185185185
Jason Kidd,3,86.7610764676241
Jason Maxiell,5,94.29504817078346
Jason Richardson,6,184.7542109279609
Jason Smith,16,264.31869761525024
Jason Terry,8,182.1533647849175
Jason Thompson,10,226.05313404590578
Javon Freeman-Liberty,1,7.666666666666667
Javonte Green,8,140.3695707070707
Javonte Smart,3,10.988888888888887
Jawad Williams,1,14.383333333333333
Jawun Evans,3,24.10486111111111
Jaxson Hayes,9,139.21407459172954
Jay Scrubb,3,12.329166666666667
Jaylen Adams,2,16.546153846153846
Jaylen Brown,16,484.22596562303863
Jaylen Hoard,3,69.36547619047619
Jaylen Nowell,5,87.42931372549019
Jaylin Williams,2,33.16951992753623
Jayson Tatum,10,340.2290903826659
Jeenathan Williams,1,13.4
Jeff Adrien,6,82.69928266178266
Jeff Ayres,5,40.72422397047397
Jeff Foster,4,57.551587301587304
Jeff Green,22,578.2223828814713
Jeff Teague,13,352.11985777439304
Jeff Withey,7,54.554348869177296
Jeffery Taylor,6,112.10383597883597
Jemerrio Jones,1,22.805555555555557
Jerami Grant,11,292.08134740259743
Jeremiah Robinson-Earl,5,86.31465034965035
Jeremy Evans,11,105.21159247550695
Jeremy Lamb,13,240.2463452613014
Jeremy Lin,9,215.7883592411539
Jeremy Pargo,3,43.31155555555556
Jeremy Sochan,4,107.43333333333334
Jeremy Tyler,5,32.74666666666667
Jerian Grant,6,121.25730706075534
Jericho Sims,3,41.05322957932466
Jermaine O'Neal,5,99.55657691981222
Jermaine Taylor,2,18.691111111111113
Jerome Dyson,1,15.763888888888891
Jerome Robinson,6,81.6173204492525
Jerry Stackhouse,3,27.771805555555556
Jerryd Bayless,11,238.02018308851643
Jevon Carter,7,107.61363725405468
Jianlian Yi,2,23.402614379084966
Jimmer Fredette,7,71.05392592592592
Jimmy Butler,24,770.0826962398734
Joakim Noah,13,325.8228773133185
Jock Landale,4,55.3065873015873
Jodie Meeks,10,219.39735520285464
Joe Harris,16,375.04496175879456
Joe Ingles,16,384.2172036415613
Joe Johnson,15,439.48108478954384
Joe Smith,2,10.171212121212122
Joe Young,3,23.142380256196045
Joel Anthony,10,106.4008821393242
Joel Embiid,9,276.82618038279696
Joel Freeland,3,34.76879173290938
Joel Przybilla,3,39.12222222222222
Joey Dorsey,3,33.29523809523809
Joey Graham,1,15.427777777777777
Joffrey Lauvergne,7,79.60339826839827
Johan Petro,5,59.635876068376064
John Butler Jr.,1,5.7375
John Collins,11,308.03584974053723
John Henson,13,253.45333493589743
John Jenkins,10,99.60735449735449
John Konchar,10,178.28863275613276
John Lucas III,6,61.247261396011396
John Salmons,7,187.43261303071364
John Wall,11,371.40461170630795
Johnathan Motley,3,19.820833333333333
Johnathan Williams,2,26.51142857142857
Johnny Davis,4,43.793055555555554
Johnny Juzang,4,61.94166666666666
Johnny O'Bryant III,5,57.48359477124183
Jon Brockman,4,28.72222222222222
Jon Leuer,10,121.00707680119444
Jonah Bolden,4,53.43083333333333
Jonas Jerebko,13,210.73602984515483
Jonas Valanciunas,13,334.2574006396962
Jonathan Isaac,6,125.46104498883912
Jonathan Kuminga,3,61.468620414673055
Jonathon Simmons,9,179.51111772486772
Jonny Flynn,3,45.13055555555555
Jontay Porter,2,15.41468253968254
Jordan Bell,8,81.48505060728745
Jordan Clarkson,12,332.3441643518986
Jordan Crawford,9,187.63044871794872
Jordan Farmar,6,118.50495600414078
Jordan Goodwin,4,57.48596837944664
Jordan Hamilton,10,133.44572853072853
Jordan Hawkins,1,16.062280701754386
Jordan Hill,15,255.40343420060333
Jordan McLaughlin,5,78.66219937469937
Jordan McRae,7,87.17139804639804
Jordan Mickey,4,36.569708994708996
Jordan Nwora,9,123.39752325890484
Jordan Poole,9,236.082336788507
Jordan Walsh,1,9.274074074074074
Jordan Williams,1,16.216666666666665
Jorge Gutierrez,4,32.541435185185186
Jose Alvarado,3,57.04290643274854
Jose Calderon,11,274.61673306339253
Josh Childress,6,77.39472222222221
Josh Christopher,4,54.86237762237762
Josh Giddey,3,87.52286414565826
Josh Green,8,164.61995115629983
Josh Hall,1,31.85
Josh Harrellson,4,36.87598039215686
Josh Hart,14,403.8679928763269
Josh Howard,3,63.86666666666667
Josh Huestis,2,20.889147286821707
Josh Jackson,9,200.16330266955265
Josh McRoberts,9,171.86199974680366
Josh Okogie,10,184.6036373899203
Josh Richardson,18,495.997170298837
Josh Smith,10,265.0633190240106
Joshua Primo,4,66.58972222222222
Jrue Holiday,17,556.6448052408334
Juan Toscano-Anderson,8,126.14713282748997
Juancho Hernangomez,12,170.59501639199007
Julian Champagnie,3,47.70368421052632
Julian Washburn,1,15.214285714285714
Julian Wright,1,17.07777777777778
Julius Randle,13,385.14599378325227
Julyan Stone,5,39.964629629629634
Justin Anderson,9,140.10316416381366
Justin Champagnie,4,36.78214285714286
Justin Hamilton,6,78.82851851851851
Justin Holiday,24,534.3418832104363
Justin Jackson,11,152.33121478829813
Justin Minaya,1,14.222222222222221
Justin Patton,3,14.6
Justise Winslow,14,383.257872858136
Jusuf Nurkic,11,268.91149122174124
Juwan Howard,3,23.054429678848283
KJ Martin,2,25.268817204301072
KJ McDaniels,6,93.31360241066125
KZ Okpala,6,56.68437306501548
Kadeem Allen,3,35.74444444444445
Karl-Anthony Towns,12,406.6937170577221
Kawhi Leonard,16,487.53106414819905
Keegan Murray,2,64.16459673428996
Keifer Sykes,1,17.530555555555555
Keita Bates-Diop,11,133.39150834246743
Keith Bogans,5,83.46436432637572
Kelan Martin,4,42.43333333333333
Keldon Johnson,8,244.07447916666666
Keljin Blevins,2,8.447727272727272
Kelly Olynyk,26,620.1901908846015
Kelly Oubre Jr.,14,380.6991053057084
Kemba Walker,12,372.2630902812335
Kendall Marshall,4,74.01706349206349
Kendrick Nunn,4,87.41397636115377
Kendrick Perkins,8,162.20421383859352
Kenneth Faried,14,306.48394544652876
Kenneth Lofton Jr.,4,45.58333333333333
Kenrich Williams,14,290.2848246381886
Kent Bazemore,21,424.4827948875743
Kentavious Caldwell-Pope,13,384.01835632483665
Kenyon Martin,6,126.39454197684037
Kenyon Martin Jr.,4,80.67182615629984
Keon Ellis,2,19.3501443001443
Keon Johnson,3,31.942735042735045
Kessler Edwards,6,59.28550830889541
Kevin Durant,14,497.2358393446147
Kevin Garnett,10,248.6175552074631
Kevin Huerter,12,350.6982872044735
Kevin Knox II,10,144.54079710144927
Kevin Love,21,606.8326224803119
Kevin Martin,7,196.97279867427895
Kevin Pangos,1,5.725
Kevin Porter Jr.,4,124.23219907407407
Kevin Seraphin,11,170.36807015099063
Kevon Looney,12,183.09111092181098
Keyon Dooling,3,48.30504884004884
Keyonte George,1,24.267283950617283
Khem Birch,12,197.20801256613757
Khris Middleton,18,511.8072885613296
Khyri Thomas,3,38.833333333333336
Killian Hayes,4,99.25962301587302
Killian Tillie,2,25.729629629629628
Kirk Hinrich,8,191.79573739152687
Klay Thompson,13,413.33804689522043
Kobe Bryant,7,247.62049145299144
Kobi Simmons,2,29.355555555555554
Kosta Koufos,18,301.8116100692285
Kostas Papanikolaou,2,33.576652298850576
Kris Dunn,9,206.52660714285713
Kris Humphries,11,222.88440556675852
Kris Murray,2,43.21666666666667
Kristaps Porzingis,15,436.740556001969
Kurt Thomas,5,85.35881916329285
Kwame Brown,3,56.30493827160494
Ky Bowman,1,22.257407407407406
Kyle Anderson,16,340.9215046457792
Kyle Collinsworth,1,13.387037037037038
Kyle Korver,21,511.9305409681873
Kyle Kuzma,11,346.6495263337397
Kyle Lowry,15,491.8359403885669
Kyle O'Quinn,14,194.76816433566432
Kyle Singler,10,207.98524775801795
Kyrie Irving,14,477.8654390714177
Kyrylo Fesenko,2,14.304789272030652
LaMarcus Aldridge,20,663.0379249508115
LaMelo Ball,4,130.5159818442427
Lamar Odom,3,72.79223276605492
Lamar Stevens,11,170.65537037037038
Lance Stephenson,16,314.72931159498046
Lance Thomas,11,179.14532811194653
Landry Fields,9,180.66122677119628
Landry Shamet,10,216.84307009763563
Langston Galloway,13,265.67366025178524
Larry Drew II,3,27.416666666666664
Larry Nance Jr.,21,500.0306130127183
Larry Sanders,9,163.17979166666666
Lauri Markkanen,8,251.14361362721417
Lavoy Allen,10,187.04470600434385
LeBron James,18,646.6077702922456
Leaky Black,1,18.366666666666667
Leandro Barbosa,8,143.45248292541345
Leandro Bolmaro,2,7.539254385964912
Leon Powe,1,8.551666666666666
Linas Kleiza,3,65.69855664488017
Lindell Wigginton,3,13.008838383838384
Lindy Waters III,3,38.72411111111111
Lonnie Walker IV,11,202.8021138716356
Lonzo Ball,6,191.81559112867808
Lorenzo Brown,5,47.213240740740744
Lou Amundson,10,115.6696181109339
Lou Williams,18,454.45669911093523
Louis King,4,45.35277777777778
Luc Mbah a Moute,12,271.9850373931624
Lucas Nogueira,8,78.74205128205128
Luguentz Dort,8,231.90184343434342
Luis Scola,9,205.12314734845617
Luka Doncic,8,273.6797005249179
Luka Garza,3,34.32673202614379
Luka Samanic,4,49.61079365079365
Luke Babbitt,10,134.45904125286478
Luke Harangody,3,42.15744047619048
Luke Kennard,16,378.7047349105983
Luke Kornet,12,154.30160563973064
Luke Ridnour,6,140.209420664461
Luol Deng,9,296.8021468545917
Luther Head,1,18.60625
Maalik Wayns,3,19.40138888888889
Malachi Flynn,6,69.48419540229885
Malachi Richardson,4,30.822073412698415
Malaki Branham,4,93.33377976190476
Malcolm Brogdon,9,283.1067354235533
Malcolm Delaney,2,37.840653153153156
Malcolm Lee,2,25.122222222222224
Malcolm Miller,6,42.76074841824842
Malik Beasley,13,307.62374440244815
Malik Monk,8,175.5000229812065
Malik Williams,1,3.4333333333333336
Mamadi Diakite,5,38.06900793650794
Manny Harris,4,53.875238095238096
Manu Ginobili,8,180.55442605575286
Maozinha Pereira,1,21.9
MarJon Beauchamp,4,46.643061840120666
MarShon Brooks,10,171.9911115096445
Marc Gasol,12,375.9966487859966
Marcelo Huertas,2,19.21375
Marcin Gortat,10,278.3895598394943
Marco Belinelli,16,361.35009966077234
Marcus Camby,5,90.02121101364523
Marcus Morris Sr.,21,533.4537349820471
Marcus Sasser,1,18.715151515151515
Marcus Smart,14,418.53945073307847
Marcus Thornton,14,313.4142618010167
Mario Chalmers,8,200.6956651361951
Mario Hezonja,9,167.33402777777778
Mario West,1,29.0
Mark Williams,2,50.645502645502646
Markel Brown,3,40.73997584541063
Markelle Fultz,7,165.44659317311041
Markieff Morris,20,412.89093797964165
Markus Howard,2,9.338684640522875
Marques Bolden,3,18.480555555555554
Marquese Chriss,10,168.64877946127945
Marquis Daniels,3,52.43312479145813
Marquis Teague,3,19.81706349206349
Marreese Speights,15,234.77104630792041
Marshall Plumlee,2,19.627222222222223
Martell Webster,6,132.26059586436202
Marvin Bagley III,10,223.4759715380405
Marvin Williams,13,337.976378823143
Mason Jones,4,37.02301587301587
Mason Plumlee,18,383.1276951220005
Matisse Thybulle,12,273.5730903379768
Matt Barnes,8,199.98811083617392
Matt Bonner,12,171.499410832188
Matt Carroll,3,24.43670634920635
Matt Ryan,4,33.75595238095238
Matt Thomas,4,33.31936010459854
Matthew Dellavedova,13,225.21696437549377
Maurice Evans,5,86.18520021645023
Maurice Harkless,13,289.5521415501485
Maurice Ndour,1,11.396666666666667
Max Christie,4,47.81976641414141
Max Strus,8,196.80746212121213
Maxi Kleber,14,312.12111835640894
McKinley Wright IV,2,15.332936507936509
Mehmet Okur,2,40.58166666666666
Melvin Ely,3,45.95833333333333
Metta World Peace,7,149.87843462823724
Meyers Leonard,17,233.1478617621311
Michael Beasley,11,213.05323373899174
Michael Carter-Williams,13,256.9947479714328
Michael Kidd-Gilchrist,10,240.52813423786534
Michael Porter Jr.,6,161.03454143488804
Michael Redd,2,29.741444444444443
Mickael Gelabale,1,16.215
Mickael Pietrus,6,123.4969708994709
Mickell Gladness,2,10.852380952380953
Mikal Bridges,12,390.8962829506803
Mike Bibby,3,72.5603431372549
Mike Conley,15,473.74524605797757
Mike Dunleavy,11,263.1806437496825
Mike James,6,78.67950617283951
Mike Miller,12,188.3801619163963
Mike Muscala,28,393.42576565801284
Mike Scott,17,264.6548429327367
Miles Bridges,5,153.22121518625292
Miles McBride,3,42.989355332776384
Miles Plumlee,9,110.09059948298216
Milos Teodosic,2,36.13742816091954
Mindaugas Kuzminskas,1,16.07777777777778
Ming Yao,1,16.916666666666668
Miroslav Raduljica,1,9.857142857142858
Mirza Teletovic,6,107.18931429441108
Mitch McGary,2,19.19294117647059
Mitchell Robinson,6,148.69069809941521
Miye Oni,3,19.216666666666665
Mo Bamba,7,108.72826713247765
Mo Williams,8,224.62353960276783
Monta Ellis,9,314.0236194971179
Monte Morris,8,157.2024474696843
Montrezl Harrell,13,265.6360822021116
Moritz Wagner,13,212.23957550125314
Moses Brown,7,60.65494047619048
Moses Moody,6,75.59093607010273
Moussa Diabate,2,10.501666666666667
Mychal Mulder,4,66.22676767676768
Mychel Thompson,1,15.775
Myles Turner,12,327.7093748586637
Naji Marshall,8,148.2268800069662
Nando De Colo,3,32.170746031746035
Nassir Little,5,79.64526604811692
Nate Robinson,7,114.17125677506775
Nate Wolters,4,50.79944444444445
Nathan Knight,3,24.628508771929827
Naz Reid,9,171.29252803134756
Nazr Mohammed,7,74.44879800210987
Nemanja Bjelica,11,238.422552999428
Nenad Krstic,2,46.682142857142864
Nene Hilario,15,352.903792154789
Nerlens Noel,14,304.5438695697577
Nic Claxton,8,164.80163341021859
Nick Calathes,2,30.31686507936508
Nick Collison,16,236.57606492492
Nick Richards,4,53.29476719576719
Nick Young,15,344.5657303240275
Nickeil Alexander-Walker,10,183.46183110742322
Nico Mannion,1,8.154901960784315
Nicolas Batum,19,560.9092072076113
Nicolas Brussino,2,16.068518518518516
Nicolas Laprovittola,1,9.129999999999999
Nicolo Melli,3,44.76575369075369
Nik Stauskas,11,173.8739508981357
Nikola Jokic,15,462.41346967003966
Nikola Jovic,4,47.00615942028986
Nikola Mirotic,9,234.8283863863864
Nikola Pekovic,6,139.78965412105762
Nikola Vucevic,15,484.95434129067144
Noah Clowney,2,26.038888888888888
Noah Vonleh,13,186.97614896248146
Nolan Smith,2,16.670965309200604
Norman Powell,19,460.25799748052157
Norris Cole,7,148.65116051773185
O.G. Anunoby,12,367.82732162309367
O.J. Mayo,6,163.42580639794414
OG Anunoby,3,100.96055555555556
Obi Toppin,4,65.58567137616339
Ochai Agbaji,5,94.09000762776506
Okaro White,3,37.474999999999994
Olivier Sarr,3,49.369305555555556
Olivier-Maxence Prosper,1,5.493055555555556
Omari Spellman,4,65.31402116402117
Omer Asik,9,160.42640463712158
Omer Yurtseven,3,31.66000502765209
Omri Casspi,10,182.80977621483376
Onuralp Bitim,1,14.325757575757576
Onyeka Okongwu,8,169.05967063492065
Orlando Johnson,4,28.540860215053765
Orlando Robinson,2,23.30564814814815
Oshae Brissett,6,126.01112269401362
Othyus Jeffers,5,56.425
Otto Porter Jr.,14,327.2906180636211
Ousmane Dieng,2,27.72873015873016
P.J. Tucker,21,588.902822877842
P.J. Washington,9,275.2652238039738
PJ Dozier,6,68.33585016835016
PJ Hairston,4,79.73347953216374
Pablo Prigioni,5,86.17798264385773
Paolo Banchero,2,68.61552127162226
Pascal Siakam,18,554.1700332603605
Pat Connaughton,24,446.4840214532475
Patrick Baldwin Jr.,1,13.202777777777778
Patrick Beverley,15,384.3683013849126
Patrick Christopher,1,9.1
Patrick McCaw,8,127.16941400021547
Patrick Patterson,15,312.25783195180713
Patrick Williams,4,110.2671052631579
Patty Mills,17,321.8343218560682
Pau Gasol,15,461.5398045389341
Paul George,21,665.421359227029
Paul Millsap,15,413.58945426261494
Paul Pierce,8,214.91601141469562
Paul Reed,8,84.87850589225589
Paul Watson,5,45.968650793650795
Paul Zipser,2,33.233193277310924
Payton Pritchard,4,69.57248332509882
Peja Stojakovic,3,41.67666666666666
Pero Antic,3,59.23135704874835
Perry Jones III,6,64.34915401426271
Peyton Watson,2,25.16197344322344
Phil Pressey,4,45.677173913043475
Pierre Jackson,1,11.575
Pooh Jeter,1,11.079166666666667
Precious Achiuwa,9,184.25440434701656
Quentin Grimes,7,154.20589687726942
Quentin Richardson,3,62.2883963963964
Quincy Acy,10,152.44987456987457
Quincy Miller,5,51.82769607843137
Quincy Pondexter,12,201.57748899702483
Quinn Cook,7,76.04626018246985
Quinton Ross,1,8.697619047619048
R.J. Hampton,7,137.17738095238096
RJ Barrett,8,256.0853428515928
RJ Hunter,4,41.781349206349205
Raja Bell,2,51.902554179566565
Rajon Rondo,15,406.41481423912137
Ramon Sessions,12,268.11708294680847
Randy Foye,8,185.54766363639652
Rashad Vaughn,4,41.1575
Rashard Lewis,5,119.89403433661997
Rasual Butler,7,87.35865749426725
Raul Neto,8,118.39590598562233
Rawle Alkins,1,9.766666666666667
Ray Allen,4,119.74589239382948
Ray McCallum,4,76.1708603896104
Ray Spalding,1,16.17222222222222
Rayan Rupert,1,14.847619047619048
Raymond Felton,11,271.2083273167333
Reggie Bullock,20,447.3866930877225
Reggie Evans,10,196.57109954663147
Reggie Jackson,18,437.37460033385173
Reggie Perry,1,7.593518518518518
Reggie Williams,8,101.18912698412699
Richard Hamilton,3,75.34718045112783
Richard Jefferson,12,245.0249038050208
Richaun Holmes,15,277.8383828224776
Ricky Rubio,12,350.6843605177029
Robbie Hummel,3,54.55434782608696
Robert Covington,19,476.92191082123355
Robert Sacre,4,49.94741228070175
Robert Williams III,6,116.11190621429051
Robin Lopez,14,288.59498412398693
Rodions Kurucs,6,67.57951388888888
Rodney Carney,2,15.627272727272729
Rodney Hood,17,390.16955905205907
Rodney McGruder,14,244.0199321670155
Rodney Purvis,1,19.28666666666667
Rodney Stuckey,7,188.82400287400864
Rodrigue Beaubois,3,49.625883420518846
Roger Mason Jr.,4,54.91305555555556
Romeo Langford,9,146.2296977124183
Ron Baker,4,52.54047619047619
Rondae Hollis-Jefferson,10,207.36770313604524
Ronnie Brewer,9,148.2060183747412
Ronnie Price,7,92.24853824490921
Ronny Turiaf,4,67.76639701536644
Roy Hibbert,8,185.91685674577667
Royal Ivey,4,32.39722222222222
Royce O'Neale,12,313.67220092165104
Rudy Fernandez,2,46.99478260869565
Rudy Gay,17,490.5431560223804
Rudy Gobert,11,328.1694980463027
Rui Hachimura,6,157.03681775008855
Russell Westbrook,15,494.548072229191
Ryan Anderson,13,298.02426248243404
Ryan Arcidiacono,8,91.37782287157287
Ryan Broekhoff,2,22.545555555555556
Ryan Gomes,3,47.10130268199234
Ryan Hollins,8,97.15361342032341
Ryan Kelly,4,69.73318181818182
Saben Lee,5,56.92900793650794
Saddiq Bey,6,170.14494598650776
Salah Mejri,4,48.214176771504356
Sam Dekker,6,79.02097578347579
Sam Hauser,6,87.38651813713027
Sam Merrill,5,43.38174501424501
Sam Young,6,77.29618271221531
Samardo Samuels,3,41.73277777777778
Samuel Dalembert,6,119.9690843837535
Sandro Mamukelashvili,8,95.77705662393163
Santi Aldama,6,119.90722639933166
Sasha Pavlovic,8,98.84762866762867
Sasha Vujacic,7,132.95255277130278
Scoot Henderson,1,24.944444444444443
Scottie Barnes,6,211.81906776094274
Scotty Pippen Jr.,2,24.696666666666665
Sean Kilpatrick,8,130.6670634920635
Sebastian Telfair,5,86.51786045943305
Sekou Doumbouya,2,38.57555555555555
Semaj Christon,1,15.974074074074075
Semi Ojeleye,9,111.8939317378603
Semih Erden,3,47.97972222222222
Serge Ibaka,22,533.9235641488932
Sergey Karasev,3,36.91342592592592
Sergio Rodriguez,1,20.657638888888886
Seth Curry,14,285.8991783636152
Shabazz Muhammad,10,149.31904320987655
Shabazz Napier,8,139.23497596043248
Shaedon Sharpe,2,56.19947916666666
Shai Gilgeous-Alexander,7,238.41766414141415
Shake Milton,12,199.8818202693073
Shane Battier,7,156.3096167899134
Shane Larkin,4,68.67340277777778
Shannon Brown,7,128.26963241436926
Shaquille Harrison,10,119.82150673400673
Shaquille O'Neal,1,20.854166666666664
Shaun Livingston,11,212.4298598031721
Shawn Marion,6,149.77503525273747
Shawne Williams,6,101.95419016290727
Shelden Williams,5,80.66705409356724
Sheldon Mac,1,7.440196078431373
Shelvin Mack,11,177.94664342502577
Simone Fontecchio,3,66.71266666666666
Sindarius Thornwell,6,44.98040674603175
Skal Labissiere,7,88.54272875816994
Skylar Mays,5,57.61031346749226
Solomon Hill,16,307.141359508547
Solomon Jones,5,51.576190476190476
Sonny Weems,2,32.798529411764704
Spencer Dinwiddie,15,409.20828335528995
Spencer Hawes,13,293.63942983845425
Stanley Johnson,13,254.05257833438742
Stanley Umude,1,11.904166666666667
Stephen Curry,14,461.7620829139845
Stephen Graham,2,26.110784313725492
Stephen Jackson,7,184.99472883597883
Sterling Brown,10,166.9079511727347
Steve Blake,7,160.76907904172504
Steve Nash,4,124.54610042735044
Steve Novak,10,79.88417879121621
Steven Adams,10,269.8032036109774
Sundiata Gaines,3,30.67058823529412
Svi Mykhailiuk,13,191.20761941618753
T.J. Ford,2,36.05968137254902
T.J. Leaf,4,29.964167626728113
T.J. McConnell,9,193.44899236560713
T.J. Warren,10,237.39596716464365
Tacko Fall,3,15.092307692307692
Taj Gibson,27,586.5463500111223
Talen Horton-Tucker,8,141.77516692546584
Tari Eason,2,42.98926767676768
Tarik Black,7,109.72963624338624
Taurean Prince,12,282.89605888831767
Taylor Hendricks,1,15.102564102564104
Tayshaun Prince,9,248.50685414643675
Terance Mann,10,210.5041140711492
Terence Davis,10,169.27625915750914
Terrance Ferguson,7,118.3640268539049
Terrel Harris,3,29.768611111111113
Terrence Jones,8,152.71333741830065
Terrence Ross,23,546.0528946363085
Terry Rozier,11,320.1906969505349
Terry Taylor,4,39.99986772486773
Thabo Sefolosha,14,309.1809036105813
Thaddeus Young,22,533.95072512679
Thanasis Antetokounmpo,11,62.095734065556044
Theo Maledon,5,84.02599206349207
Theo Pinson,5,36.89115009746589
Thomas Bryant,10,178.89120670995672
Thomas Robinson,10,141.12864114114114
Thon Maker,11,127.67960925039873
Tiago Splitter,10,166.52280742002512
Tim Duncan,7,191.35147693920337
Tim Frazier,11,189.12803121931518
Tim Hardaway Jr.,23,627.8872627384512
Timofey Mozgov,10,171.56214460233036
Timothe Luwawu-Cabarrot,13,205.75894763618447
Tobias Harris,17,532.513853938741
Tomas Satoransky,12,259.1490299786204
Toney Douglas,9,144.60182189887533
Tony Allen,14,354.02116400735486
Tony Battie,2,18.875840336134456
Tony Bradley,7,62.00279100529101
Tony Parker,9,246.18876700969145
Tony Snell,16,311.7173069741435
Tony Wroten,3,58.457671957671955
Torrey Craig,12,225.07812866474342
Tosan Evbuomwan,1,33.05
Toumani Camara,1,24.629824561403506
Tracy McGrady,2,39.2743440860215
Trae Young,6,207.63077557181003
Travis Outlaw,6,103.08333333333333
Travis Wear,2,22.259523809523806
Trayce Jackson-Davis,1,16.59102564102564
Tre Jones,4,80.45558531746032
Tre Mann,6,106.78877281947261
Tremont Waters,2,17.902884615384615
Trendon Watford,5,80.8742380952381
Trent Forrest,4,45.70930134680135
Treveon Graham,6,103.90110452899927
Trevor Ariza,16,510.41368741195754
Trevor Booker,11,224.14338981694246
Trey Burke,11,215.07500822206467
Trey Jemison,1,24.703333333333333
Trey Lyles,16,278.3527307797735
Trey Murphy III,5,110.25472934472936
Tristan Thompson,20,463.0787566704455
Tristan Vukcevic,1,14.35
Troy Brown Jr.,14,248.56181408288992
Troy Daniels,12,130.31713620071685
Troy Murphy,4,60.26492374727669
Troy Williams,6,77.31924603174603
Ty Jerome,5,71.77178841991342
Ty Lawson,8,232.10069830607267
TyTy Washington Jr.,2,13.893888888888888
Tyler Cavanaugh,2,16.299134199134198
Tyler Cook,4,32.29225427350427
Tyler Dorsey,4,51.080416666666665
Tyler Ennis,6,73.2484142899584
Tyler Hansbrough,8,126.75490210576984
Tyler Herro,5,155.61353882875733
Tyler Johnson,15,363.78270892238817
Tyler Ulis,2,42.99972222222222
Tyler Zeller,10,145.1023068957115
Tyreke Evans,16,451.80275399571275
Tyrese Haliburton,6,204.05175334168754
Tyrese Maxey,4,119.77793706660978
Tyrone Wallace,6,93.53511747913922
Tyrus Thomas,5,79.81484749455338
Tyshawn Taylor,2,13.641897233201583
Tyson Chandler,11,272.6474160099816
Tyus Jones,9,181.68965489942698
Udoka Azubuike,4,32.338522670140314
Udonis Haslem,22,288.4435584986293
Usman Garuba,3,19.030873015873016
Vander Blue,2,9.733333333333334
Vasilije Micic,2,37.08162055335968
Vernon Carey Jr.,3,11.429861111111112
Victor Claver,6,66.2143253968254
Victor Oladipo,13,383.1787313224215
Victor Wembanyama,2,61.209375
Vince Carter,18,398.9063805268962
Vince Williams Jr.,2,36.58465608465609
Vit Krejci,4,64.20333333333333
Vitor Faverani,1,11.787179487179486
Vladimir Radmanovic,3,34.605517676767676
Vlatko Cancar,4,37.45504385964912
Von Wafer,2,21.587192982456138
Wade Baldwin IV,3,22.203703703703702
Walker Kessler,2,46.30354449472097
Walt Lemon Jr.,2,34.708333333333336
Wayne Ellington,20,417.43962966664395
Wayne Selden,9,132.19722222222222
Wendell Carter Jr.,8,204.66645114942528
Wendell Moore Jr.,2,6.986458333333333
Wenyen Gabriel,10,134.63032407407408
Wes Iwundu,10,175.24564393939394
Wesley Johnson,13,277.165701678805
Wesley Matthews,25,690.8897219915317
Will Barton,24,560.9613121457782
Will Bynum,5,76.43262391913287
Willie Cauley-Stein,13,273.0852579065822
Willie Green,5,88.67606043992558
Willie Reed,4,39.976611990950225
Willy Hernangomez,10,133.3255787538782
Wilson Chandler,15,388.39892654567655
Xavier Cooks,1,12.058333333333334
Xavier Henry,8,114.39386661097187
Xavier Moon,3,17.830952380952382
Xavier Tillman,10,148.4617746570832
Yogi Ferrell,6,102.08569518716577
Yuta Watanabe,9,99.24815002449677
Zach Collins,8,161.9526989348371
Zach LaVine,13,420.432894824096
Zach Randolph,11,326.0949885228933
Zavier Simpson,2,76.30000000000001
Zaza Pachulia,9,188.34557387853025
Zeke Nnaji,8,98.19327004379636
Zhaire Smith,2,29.21388888888889
Ziaire Williams,6,108.97789226726726
Zion Williamson,4,124.82955357691665
Zoran Dragic,2,13.579166666666667
Zydrunas Ilgauskas,1,16.574836601307187
